report_ID,buildings_destroyed,casualties,permanent_injuries,temporary_injuries,disaster_ID
R-2000000,75993,20970,0,356744,H-2000000
R-2000001,680490,163343,2239866,3043082,H-2000001
R-2000002,137800,32610,0,493170,H-2000002
R-2000003,635223,144763,547296,2340500,H-2000003
R-2000004,138670,30994,116379,659461,H-2000004
R-2000005,154802,38615,0,752145,H-2000005
R-2000006,10456,2362,0,30054,H-2000006
R-2000007,32457,7327,25645,139674,H-2000007
R-2000008,790031,196447,764536,2759634,H-2000008
R-2000009,278950,69968,299785,1366021,H-2000009
R-2000010,546127,122252,483728,2356014,H-2000010
R-2000011,534804,119411,1855459,2829421,H-2000011
R-2000012,99326,23463,112249,468347,H-2000012
R-2000013,72125,15495,0,271314,H-2000013
R-2000014,62909,15284,0,181446,H-2000014
R-2000015,6057,2177,0,27395,H-2000015
R-2000016,64483,15324,50248,316841,H-2000016
R-2000017,270178,86346,1062110,1258324,H-2000017
R-2000018,3027981,705630,9754985,13248560,H-2000018
R-2000019,3236,1058,13873,16126,H-2000019
R-2000020,1897813,552570,8660719,12534177,H-2000020
R-2000021,11343,3312,0,53851,H-2000021
R-2000022,108518,36136,0,481499,H-2000022
R-2000023,40657,10395,0,153165,H-2000023
R-2000024,159489,36183,135089,840255,H-2000024
R-2000025,24561,6869,0,116606,H-2000025
R-2000026,41197,7646,0,146510,H-2000026
R-2000027,48121,14457,46075,293104,H-2000027
R-2000028,99965,27142,104957,376538,H-2000028
R-2000029,229385,71183,1041109,1616758,H-2000029
R-2000030,18013,5373,17040,112718,H-2000030
R-2000031,233534,54407,250503,1317076,H-2000031
R-2000032,819999,176045,2503928,3893741,H-2000032
R-2000033,19779,5737,16564,71029,H-2000033
R-2000034,1119785,266226,4290572,5639716,H-2000034
R-2000035,21006,5015,20869,86212,H-2000035
R-2000036,99000,26200,299768,449802,H-2000036
R-2000037,830043,194430,3087862,4672656,H-2000037
R-2000038,91939,26899,106179,468036,H-2000038
R-2000039,18552,4861,0,53734,H-2000039
R-2000040,42552,8965,33173,140688,H-2000040
R-2000041,169180,37209,130994,779609,H-2000041
R-2000042,22081,4575,21190,81171,H-2000042
R-2000043,7944,1455,0,21550,H-2000043
R-2000044,122305,32844,119664,530399,H-2000044
R-2000045,31447,7183,29725,139428,H-2000045
R-2000046,335719,80797,271920,1169074,H-2000046
R-2000047,46062,10062,41458,243889,H-2000047
R-2000048,43958,8322,0,143636,H-2000048
R-2000049,636966,180477,2565729,3316743,H-2000049
R-2000050,113117,25833,107035,349514,H-2000050
R-2000051,177704,41717,0,491937,H-2000051
R-2000052,6449,1495,0,26682,H-2000052
R-2000053,80996,18951,102538,494914,H-2000053
R-2000054,14471,3552,0,51855,H-2000054
R-2000055,730925,222729,754212,3061607,H-2000055
R-2000056,34480,8070,26477,141632,H-2000056
R-2000057,20524,4374,0,73850,H-2000057
R-2000058,205526,43839,168793,736004,H-2000058
R-2000059,63819,13694,60761,312997,H-2000059
R-2000060,33624,8062,0,125316,H-2000060
R-2000061,812611,201802,733072,4083244,H-2000061
R-2000062,36928,9887,0,137239,H-2000062
R-2000063,198379,37968,0,674386,H-2000063
R-2000064,135113,28795,116547,422752,H-2000064
R-2000065,42211,13485,0,165081,H-2000065
R-2000066,141144,35749,638171,746110,H-2000066
R-2000067,1052,266,1112,5567,H-2000067
R-2000068,19461,5760,0,85947,H-2000068
R-2000069,288988,67962,345056,1574225,H-2000069
R-2000070,71553,20182,0,299018,H-2000070
R-2000071,306682,87576,357585,1837759,H-2000071
R-2000072,40926,10905,35590,169990,H-2000072
R-2000073,7800,2113,0,30981,H-2000073
R-2000074,28623,10389,0,149755,H-2000074
R-2000075,10360,3551,0,49544,H-2000075
R-2000076,116794,26331,110260,375000,H-2000076
R-2000077,30675,7051,0,141732,H-2000077
R-2000078,46786,9740,0,141452,H-2000078
R-2000079,16820,4278,0,62007,H-2000079
R-2000080,4067,937,14277,22848,H-2000080
R-2000081,30869,7556,35840,123419,H-2000081
R-2000082,352194,103242,1328642,2126880,H-2000082
R-2000083,152850,33929,158801,503701,H-2000083
R-2000084,173,36,0,516,H-2000084
R-2000085,87709,20689,63856,299981,H-2000085
R-2000086,258026,56620,195234,1406155,H-2000086
R-2000087,49666,14716,0,207385,H-2000087
R-2000088,114138,27331,0,449902,H-2000088
R-2000089,172527,37356,171095,704707,H-2000089
R-2000090,374332,103653,423835,1726929,H-2000090
R-2000091,85805,18508,274462,368249,H-2000091
R-2000092,108202,26887,108904,493329,H-2000092
R-2000093,41576,8638,0,125325,H-2000093
R-2000094,12505,3739,0,50765,H-2000094
R-2000095,63962,12266,47201,323878,H-2000095
R-2000096,56350,15068,0,192457,H-2000096
R-2000097,1894730,523212,7987094,11092884,H-2000097
R-2000098,33970,8430,0,106130,H-2000098
R-2000099,749275,153234,639249,3567930,H-2000099
R-2000100,20105,5195,0,88685,H-2000100
R-2000101,159089,45543,600047,1015638,H-2000101
R-2000102,10811,3119,0,58198,H-2000102
R-2000103,1165666,306255,4271151,6508830,H-2000103
R-2000104,10433,2899,0,51923,H-2000104
R-2000105,25829,5723,0,69284,H-2000105
R-2000106,47101,14404,0,226339,H-2000106
R-2000107,4428,993,15100,22299,H-2000107
R-2000108,7968,2799,0,44046,H-2000108
R-2000109,174503,47130,161845,880879,H-2000109
R-2000110,63960,11281,0,205888,H-2000110
R-2000111,125468,27883,458902,627736,H-2000111
R-2000112,639090,166634,619907,2409380,H-2000112
R-2000113,88868,24878,88811,402164,H-2000113
R-2000114,99823,31731,0,432479,H-2000114
R-2000115,676595,183634,651227,3564402,H-2000115
R-2000116,530473,130306,398289,2368946,H-2000116
R-2000117,81498,15109,63171,251865,H-2000117
R-2000118,184942,50531,238189,964421,H-2000118
R-2000119,675478,156873,2142725,2898857,H-2000119
R-2000120,191082,49015,669317,931144,H-2000120
R-2000121,179094,45190,143833,827279,H-2000121
R-2000122,1077343,251433,4111821,5775838,H-2000122
R-2000123,16542,5099,0,73698,H-2000123
R-2000124,91517,23441,0,273359,H-2000124
R-2000125,504552,110602,1842738,2221930,H-2000125
R-2000126,836583,236448,3198603,4805805,H-2000126
R-2000127,94769,21656,0,288688,H-2000127
R-2000128,87970,23640,0,330813,H-2000128
R-2000129,24952,7302,0,89764,H-2000129
R-2000130,16749,4387,0,70378,H-2000130
R-2000131,204314,52549,191577,610509,H-2000131
R-2000132,27585,6551,32053,106162,H-2000132
R-2000133,12751,4262,0,56722,H-2000133
R-2000134,11864,2651,0,37152,H-2000134
R-2000135,362173,104947,388464,1264437,H-2000135
R-2000136,282717,81439,971184,1340830,H-2000136
R-2000137,1204967,250064,920552,4802374,H-2000137
R-2000138,58143,17659,0,220841,H-2000138
R-2000139,328818,63751,237474,1305887,H-2000139
R-2000140,256724,72099,1116241,1768428,H-2000140
R-2000141,2124625,491998,6469621,12067091,H-2000141
R-2000142,177877,45651,165615,1112386,H-2000142
R-2000143,63346,14077,0,280832,H-2000143
R-2000144,248420,57130,229851,1522045,H-2000144
R-2000145,38273,9380,0,115633,H-2000145
R-2000146,529997,137866,2244823,2513815,H-2000146
R-2000147,71240,18153,70389,355363,H-2000147
R-2000148,3658112,896209,15585236,19899755,H-2000148
R-2000149,86109,21933,0,343989,H-2000149
R-2000150,52404,13472,51345,301334,H-2000150
R-2000151,37515,9889,0,128357,H-2000151
R-2000152,114526,35514,105271,559950,H-2000152
R-2000153,373831,83529,275107,1353709,H-2000153
R-2000154,116792,35376,0,504234,H-2000154
R-2000155,671698,180229,665174,2719139,H-2000155
R-2000156,59263,16415,0,185990,H-2000156
R-2000157,4307279,975553,12295220,21952150,H-2000157
R-2000158,58438,13942,0,244874,H-2000158
R-2000159,285,62,0,1024,H-2000159
R-2000160,359,75,0,1133,H-2000160
R-2000161,212275,47636,173232,1040060,H-2000161
R-2000162,40252,8875,0,141845,H-2000162
R-2000163,331101,106784,341231,1664588,H-2000163
R-2000164,183661,51066,158776,878978,H-2000164
R-2000165,93997,24582,82805,427106,H-2000165
R-2000166,1223500,351142,4890500,5167724,H-2000166
R-2000167,102159,19700,72792,502377,H-2000167
R-2000168,190609,56062,732676,1014431,H-2000168
R-2000169,144860,29765,127284,652733,H-2000169
R-2000170,38031,7918,0,146506,H-2000170
R-2000171,69718,22468,0,245656,H-2000171
R-2000172,211301,58643,265569,1058584,H-2000172
R-2000173,139169,33534,150466,711491,H-2000173
R-2000174,543462,138703,2043522,2422818,H-2000174
R-2000175,49739,10596,0,132117,H-2000175
R-2000176,151146,40766,705551,906871,H-2000176
R-2000177,22710,6722,0,78172,H-2000177
R-2000178,329728,67857,336565,1517243,H-2000178
R-2000179,1174775,249791,905514,4849899,H-2000179
R-2000180,223762,62789,221327,1225679,H-2000180
R-2000181,246829,84894,0,1149293,H-2000181
R-2000182,4340,1266,0,19112,H-2000182
R-2000183,126600,35195,0,428731,H-2000183
R-2000184,14720,3419,13536,60231,H-2000184
R-2000185,143725,36445,494736,832779,H-2000185
R-2000186,33188,10429,0,145058,H-2000186
R-2000187,103040,27514,118714,430389,H-2000187
R-2000188,15418,3449,0,41090,H-2000188
R-2000189,145657,33224,137235,703222,H-2000189
R-2000190,326377,72594,322491,1072750,H-2000190
R-2000191,214472,56386,830940,1194389,H-2000191
R-2000192,54426,12979,0,161143,H-2000192
R-2000193,77449,22818,102475,312884,H-2000193
R-2000194,1455116,376215,5423936,6955032,H-2000194
R-2000195,92469,17005,0,314188,H-2000195
R-2000196,54764,12828,53118,166045,H-2000196
R-2000197,328315,76117,381160,1826155,H-2000197
R-2000198,1947937,517730,6193913,10053271,H-2000198
R-2000199,163696,45988,126483,863254,H-2000199
R-2000200,1029358,316157,4283611,5827655,H-2000200
R-2000201,204041,55599,214298,1298370,H-2000201
R-2000202,134068,28454,104054,636122,H-2000202
R-2000203,46422,12468,0,224056,H-2000203
R-2000204,52995,12978,49376,235985,H-2000204
R-2000205,294,81,0,931,H-2000205
R-2000206,16449,5084,17103,76932,H-2000206
R-2000207,1487677,396725,4765023,6330910,H-2000207
R-2000208,66715,12916,49095,249078,H-2000208
R-2000209,11483,2985,0,33855,H-2000209
R-2000210,112297,25303,110697,594025,H-2000210
R-2000211,12884,2653,0,46414,H-2000211
R-2000212,85774,15441,0,257846,H-2000212
R-2000213,557,167,649,3023,H-2000213
R-2000214,23135,4934,0,68195,H-2000214
R-2000215,192303,45300,201957,753977,H-2000215
R-2000216,9422,1864,0,35793,H-2000216
R-2000217,55313,16744,0,261588,H-2000217
R-2000218,20047,6860,0,83186,H-2000218
R-2000219,74726,16715,0,236837,H-2000219
R-2000220,90376,18030,0,278273,H-2000220
R-2000221,33614,9986,0,122376,H-2000221
R-2000222,786167,164769,2644334,4360639,H-2000222
R-2000223,10336,1844,0,30012,H-2000223
R-2000224,180713,42171,207539,842007,H-2000224
R-2000225,165415,42779,203232,1120125,H-2000225
R-2000226,4724,1232,0,13759,H-2000226
R-2000227,180798,42404,0,542862,H-2000227
R-2000228,16536,5977,0,79904,H-2000228
R-2000229,1093721,350592,4653451,7330192,H-2000229
R-2000230,139048,44747,0,686187,H-2000230
R-2000231,8700,2297,0,31947,H-2000231
R-2000232,104436,22830,0,463586,H-2000232
R-2000233,3565,1015,15797,17840,H-2000233
R-2000234,351630,84675,298622,2224108,H-2000234
R-2000235,187301,48060,651639,883934,H-2000235
R-2000236,110016,34481,0,357970,H-2000236
R-2000237,200080,48395,191024,709842,H-2000237
R-2000238,162031,35145,151179,568541,H-2000238
R-2000239,322270,77493,330517,1709691,H-2000239
R-2000240,1596187,424863,4853620,7586651,H-2000240
R-2000241,226247,56597,724620,1126372,H-2000241
R-2000242,117948,31920,423176,574609,H-2000242
R-2000243,1021767,339642,4502944,6019621,H-2000243
R-2000244,333161,88028,0,1011591,H-2000244
R-2000245,72964,17739,317720,383778,H-2000245
R-2000246,20075,4664,0,56340,H-2000246
R-2000247,745549,218606,944109,3850014,H-2000247
R-2000248,106745,27170,411808,558352,H-2000248
R-2000249,80417,20561,92890,322675,H-2000249
R-2000250,56715,15029,49144,184359,H-2000250
R-2000251,105199,22549,104792,449237,H-2000251
R-2000252,147663,39032,594051,862876,H-2000252
R-2000253,1637263,367024,6635386,9446551,H-2000253
R-2000254,39122,10485,40298,130771,H-2000254
R-2000255,701986,167811,2509355,3669637,H-2000255
R-2000256,29806,8350,0,133469,H-2000256
R-2000257,157886,32431,536864,742039,H-2000257
R-2000258,1265028,302268,4214691,5925136,H-2000258
R-2000259,31589,10541,0,127170,H-2000259
R-2000260,40011,9616,0,155674,H-2000260
R-2000261,59816,13267,52550,197950,H-2000261
R-2000262,182274,43879,0,726401,H-2000262
R-2000263,607719,146116,2403400,3153235,H-2000263
R-2000264,464301,99814,453529,2354420,H-2000264
R-2000265,257869,66381,244427,1020513,H-2000265
R-2000266,38136,10865,0,150740,H-2000266
R-2000267,1445521,294459,5445199,8364000,H-2000267
R-2000268,173334,49248,194830,715838,H-2000268
R-2000269,915655,225170,3202707,4399291,H-2000269
R-2000270,146062,33489,142290,490564,H-2000270
R-2000271,39877,8570,0,177364,H-2000271
R-2000272,234248,59423,201437,892542,H-2000272
R-2000273,148956,34931,126951,771968,H-2000273
R-2000274,45184,13672,42323,274102,H-2000274
R-2000275,318803,74644,237550,1250023,H-2000275
R-2000276,14741,3231,0,37846,H-2000276
R-2000277,200336,55045,183039,1139877,H-2000277
R-2000278,35011,9538,32395,214024,H-2000278
R-2000279,52904,9738,0,162096,H-2000279
R-2000280,849612,258249,3320155,5498610,H-2000280
R-2000281,281758,71396,232727,934703,H-2000281
R-2000282,6261,1262,0,25097,H-2000282
R-2000283,99534,20143,89444,441520,H-2000283
R-2000284,181595,36962,139812,560642,H-2000284
R-2000285,185539,51270,171745,1119586,H-2000285
R-2000286,561355,137093,1809503,2643259,H-2000286
R-2000287,241,81,0,1072,H-2000287
R-2000288,184129,45133,202174,689749,H-2000288
R-2000289,972,277,1017,4119,H-2000289
R-2000290,42967,9396,0,136227,H-2000290
R-2000291,108242,23006,90069,410229,H-2000291
R-2000292,174943,32680,125655,643176,H-2000292
R-2000293,6490,2116,0,23048,H-2000293
R-2000294,563857,140328,2346662,3711122,H-2000294
R-2000295,303812,67434,273056,1420443,H-2000295
R-2000296,772038,156667,2453264,3315894,H-2000296
R-2000297,24319,5544,0,95489,H-2000297
R-2000298,168993,47080,171962,912539,H-2000298
R-2000299,23332,5520,0,108284,H-2000299
R-2000300,978,270,1134,5108,H-2000300
R-2000301,409779,82693,1539120,1859293,H-2000301
R-2000302,923337,185993,969961,3857501,H-2000302
R-2000303,344186,105928,0,1415036,H-2000303
R-2000304,79491,18926,88940,479110,H-2000304
R-2000305,23480,5247,0,66405,H-2000305
R-2000306,389081,87214,344479,2267078,H-2000306
R-2000307,272691,61528,853349,1237256,H-2000307
R-2000308,35359,10522,0,156823,H-2000308
R-2000309,24654,6084,0,106651,H-2000309
R-2000310,32447,9061,33565,117873,H-2000310
R-2000311,1138,281,1227,5647,H-2000311
R-2000312,174,50,0,774,H-2000312
R-2000313,288110,59950,271492,1470657,H-2000313
R-2000314,72438,21410,279215,386041,H-2000314
R-2000315,43154,15256,0,160547,H-2000315
R-2000316,187354,41857,175642,669576,H-2000316
R-2000317,10031,1953,0,31824,H-2000317
R-2000318,33288,8826,0,127264,H-2000318
R-2000319,797435,185357,909261,3302645,H-2000319
R-2000320,36690,8073,0,158829,H-2000320
R-2000321,52178,16051,0,225990,H-2000321
R-2000322,1245799,291068,4358317,6623239,H-2000322
R-2000323,35078,9732,0,148966,H-2000323
R-2000324,27503,6855,23437,115675,H-2000324
R-2000325,643091,135867,2091126,2838154,H-2000325
R-2000326,5692,1639,0,26797,H-2000326
R-2000327,360232,77846,259021,1212018,H-2000327
R-2000328,90598,21296,88600,564042,H-2000328
R-2000329,76610,16140,65755,362711,H-2000329
R-2000330,44219,10577,0,185739,H-2000330
R-2000331,346015,80908,425638,1653017,H-2000331
R-2000332,473646,118724,485049,1890714,H-2000332
R-2000333,196818,47297,0,610680,H-2000333
R-2000334,296775,77580,330266,1422150,H-2000334
R-2000335,21791,5628,0,80940,H-2000335
R-2000336,136536,31931,577888,819513,H-2000336
R-2000337,497747,135029,2205789,2737484,H-2000337
R-2000338,10851,3756,0,40596,H-2000338
R-2000339,25904,8842,0,105510,H-2000339
R-2000340,25716,5697,22883,82162,H-2000340
R-2000341,46212,12771,39226,236146,H-2000341
R-2000342,6555,1291,0,23636,H-2000342
R-2000343,82682,21430,85911,365271,H-2000343
R-2000344,126315,39118,0,520669,H-2000344
R-2000345,34054,9215,0,134988,H-2000345
R-2000346,312247,65367,1182858,1626023,H-2000346
R-2000347,3992,940,14937,21210,H-2000347
R-2000348,43500,10748,0,134445,H-2000348
R-2000349,86433,23086,0,332263,H-2000349
R-2000350,33568,8495,0,116747,H-2000350
R-2000351,66874,13845,0,253726,H-2000351
R-2000352,48577,11312,46927,158312,H-2000352
R-2000353,22434,5571,0,95086,H-2000353
R-2000354,103833,26330,82044,558679,H-2000354
R-2000355,100405,30427,112170,560154,H-2000355
R-2000356,619061,156040,2459487,3620725,H-2000356
R-2000357,19877,5735,26228,91173,H-2000357
R-2000358,656059,162185,2509726,4169768,H-2000358
R-2000359,19939,3763,0,74414,H-2000359
R-2000360,82702,18983,299815,476788,H-2000360
R-2000361,7869,2472,0,28898,H-2000361
R-2000362,328,90,0,1287,H-2000362
R-2000363,163677,43089,0,508558,H-2000363
R-2000364,26837,6685,0,77968,H-2000364
R-2000365,46708,12830,0,216602,H-2000365
R-2000366,88028,20257,0,309458,H-2000366
R-2000367,133332,25189,408986,591791,H-2000367
R-2000368,264,76,0,1261,H-2000368
R-2000369,204920,51285,0,711790,H-2000369
R-2000370,274812,78590,218293,1114944,H-2000370
R-2000371,234,64,0,1014,H-2000371
R-2000372,21688,5991,26679,85934,H-2000372
R-2000373,949,253,997,4911,H-2000373
R-2000374,21047,5469,21797,115585,H-2000374
R-2000375,36053,6107,0,99004,H-2000375
R-2000376,116634,30361,471497,553962,H-2000376
R-2000377,1036551,248529,3665180,4596646,H-2000377
R-2000378,551483,114340,2095709,2409459,H-2000378
R-2000379,328871,80486,297669,1238333,H-2000379
R-2000380,51001,11470,0,215638,H-2000380
R-2000381,98353,31497,0,431880,H-2000381
R-2000382,138389,32414,117319,721972,H-2000382
R-2000383,186309,46238,0,933403,H-2000383
R-2000384,281232,77571,0,976274,H-2000384
R-2000385,34161,6654,0,126873,H-2000385
R-2000386,7789,1554,0,29028,H-2000386
R-2000387,978,294,1082,5711,H-2000387
R-2000388,138570,36011,430626,779636,H-2000388
R-2000389,79006,19728,72521,390659,H-2000389
R-2000390,1086,285,1033,3569,H-2000390
R-2000391,427685,102956,437545,2220970,H-2000391
R-2000392,152517,43776,196878,960507,H-2000392
R-2000393,679947,172466,2450876,3011362,H-2000393
R-2000394,21746,4120,0,83813,H-2000394
R-2000395,87942,21212,366033,474532,H-2000395
R-2000396,196419,61197,206439,878907,H-2000396
R-2000397,20427,4587,0,86718,H-2000397
R-2000398,135167,42362,169895,836012,H-2000398
R-2000399,84302,22067,81690,306418,H-2000399
R-2000400,260283,63981,208647,1082900,H-2000400
R-2000401,425827,82371,1304133,2413819,H-2000401
R-2000402,593812,157844,2363123,3067893,H-2000402
R-2000403,308867,77424,275535,1168166,H-2000403
R-2000404,741967,146463,642061,3839068,H-2000404
R-2000405,159639,39590,151730,545211,H-2000405
R-2000406,39467,13140,0,189941,H-2000406
R-2000407,31110,8223,0,86544,H-2000407
R-2000408,14546,4655,16678,76037,H-2000408
R-2000409,3498918,844855,12540999,20001991,H-2000409
R-2000410,21563,4920,0,69109,H-2000410
R-2000411,100952,30846,119548,479678,H-2000411
R-2000412,28922,6160,30248,105966,H-2000412
R-2000413,17399,4736,0,63492,H-2000413
R-2000414,225855,55279,226851,1142745,H-2000414
R-2000415,136160,34910,105378,724216,H-2000415
R-2000416,21853,5025,0,81919,H-2000416
R-2000417,158409,41871,0,597333,H-2000417
R-2000418,430947,94993,1614013,1881801,H-2000418
R-2000419,970,290,1172,5440,H-2000419
R-2000420,182828,46367,204698,704261,H-2000420
R-2000421,28444,8189,0,82640,H-2000421
R-2000422,74263,15918,67273,298829,H-2000422
R-2000423,185527,45747,151565,871640,H-2000423
R-2000424,84669,25534,110856,400282,H-2000424
R-2000425,38869,9432,0,138643,H-2000425
R-2000426,452259,101782,347312,2065854,H-2000426
R-2000427,49167,14213,0,182505,H-2000427
R-2000428,196756,47584,173237,708400,H-2000428
R-2000429,110707,32288,460272,544508,H-2000429
R-2000430,161553,31909,0,489305,H-2000430
R-2000431,66041,15995,0,214926,H-2000431
R-2000432,1983731,520505,8002599,10513461,H-2000432
R-2000433,17496,4248,0,61432,H-2000433
R-2000434,41295,9683,0,152489,H-2000434
R-2000435,4218,1139,0,18373,H-2000435
R-2000436,15586,3787,0,55912,H-2000436
R-2000437,22173,5909,0,88025,H-2000437
R-2000438,64606,19606,73387,250746,H-2000438
R-2000439,1092,206,789,3146,H-2000439
R-2000440,14945,3976,0,75887,H-2000440
R-2000441,120426,30963,93539,648176,H-2000441
R-2000442,17112,4945,20151,81544,H-2000442
R-2000443,76664,20504,93623,307996,H-2000443
R-2000444,51517,10900,0,195874,H-2000444
R-2000445,172077,37028,573208,725235,H-2000445
R-2000446,136356,38179,144381,469778,H-2000446
R-2000447,1064,231,1008,3589,H-2000447
R-2000448,164187,46217,175987,953311,H-2000448
R-2000449,13075,2838,0,59355,H-2000449
R-2000450,30200,7268,25178,108614,H-2000450
R-2000451,35797,9253,34726,184483,H-2000451
R-2000452,7471,2089,0,29544,H-2000452
R-2000453,12765,3741,0,67534,H-2000453
R-2000454,82269,22648,72088,342417,H-2000454
R-2000455,273,79,0,1294,H-2000455
R-2000456,11130,2466,0,36411,H-2000456
R-2000457,28792,5489,0,102647,H-2000457
R-2000458,41466,9813,0,159512,H-2000458
R-2000459,18861,4456,0,83229,H-2000459
R-2000460,41452,12533,0,211990,H-2000460
R-2000461,193942,46289,154886,692482,H-2000461
R-2000462,452127,92934,1421139,2606105,H-2000462
R-2000463,111857,34052,106208,660914,H-2000463
R-2000464,231305,65280,971546,1264564,H-2000464
R-2000465,574854,142435,534391,2230870,H-2000465
R-2000466,28484,6803,0,109873,H-2000466
R-2000467,105416,23876,108549,511292,H-2000467
R-2000468,503896,125271,550383,2117065,H-2000468
R-2000469,311875,95219,388106,1563841,H-2000469
R-2000470,184,48,0,679,H-2000470
R-2000471,3521,810,12707,17363,H-2000471
R-2000472,17575,4146,0,59914,H-2000472
R-2000473,70239,13733,0,246383,H-2000473
R-2000474,31456,7754,0,114707,H-2000474
R-2000475,230328,54025,191899,1165681,H-2000475
R-2000476,120474,25263,0,329382,H-2000476
R-2000477,322,68,0,916,H-2000477
R-2000478,18768,4740,0,81880,H-2000478
R-2000479,163615,42537,177742,899820,H-2000479
R-2000480,105953,23688,0,359654,H-2000480
R-2000481,182781,57772,719198,1011364,H-2000481
R-2000482,16321,4818,0,76925,H-2000482
R-2000483,21283,6022,18689,91607,H-2000483
R-2000484,109390,25031,89354,375653,H-2000484
R-2000485,55337,13234,43720,236828,H-2000485
R-2000486,93520,24841,0,314054,H-2000486
R-2000487,121956,31726,130054,641044,H-2000487
R-2000488,21744,5166,0,71578,H-2000488
R-2000489,1496486,300215,4811178,6075744,H-2000489
R-2000490,1820831,439182,6625927,9092366,H-2000490
R-2000491,48906,12385,49521,202948,H-2000491
R-2000492,224161,66364,296491,826671,H-2000492
R-2000493,190,34,0,641,H-2000493
R-2000494,298672,80667,1145003,1290818,H-2000494
R-2000495,144787,37642,505824,776716,H-2000495
R-2000496,61915,15879,192760,319578,H-2000496
R-2000497,15111,4381,14365,92079,H-2000497
R-2000498,23014,4507,0,71726,H-2000498
R-2000499,38978,8180,31686,135709,H-2000499
R-3000000,null,9,0,12,PC-3000000
R-3000001,null,87,59,80,PC-3000001
R-3000002,null,10,0,7,PC-3000002
R-3000003,null,63,51,84,PC-3000003
R-3000004,null,141,95,134,PC-3000004
R-3000005,null,8,0,9,PC-3000005
R-3000006,null,95,24,6,PC-3000006
R-3000007,null,50,15,58,PC-3000007
R-3000008,null,10,1,11,PC-3000008
R-3000009,null,423,7,1,PC-3000009
R-3000010,null,19,17,27,PC-3000010
R-3000011,null,250,83,77,PC-3000011
R-3000012,null,18,13,24,PC-3000012
R-3000013,null,41,22,44,PC-3000013
R-3000014,null,38,9,42,PC-3000014
R-3000015,null,122,75,118,PC-3000015
R-3000016,null,320,26,4,PC-3000016
R-3000017,null,47,15,49,PC-3000017
R-3000018,null,18,15,33,PC-3000018
R-3000019,null,80,42,91,PC-3000019
R-3000020,null,138,82,154,PC-3000020
R-3000021,null,195,5,0,PC-3000021
R-3000022,null,42,15,34,PC-3000022
R-3000023,null,587,14,0,PC-3000023
R-3000024,null,94,12,3,PC-3000024
R-3000025,null,65,47,65,PC-3000025
R-3000026,null,44,12,38,PC-3000026
R-3000027,null,14,0,11,PC-3000027
R-3000028,null,52,11,3,PC-3000028
R-3000029,null,47,17,23,PC-3000029
R-3000030,null,55,28,64,PC-3000030
R-3000031,null,507,15,2,PC-3000031
R-3000032,null,519,159,154,PC-3000032
R-3000033,null,3,0,4,PC-3000033
R-3000034,null,131,62,50,PC-3000034
R-3000035,null,9,2,10,PC-3000035
R-3000036,null,2,0,1,PC-3000036
R-3000037,null,61,45,114,PC-3000037
R-3000038,null,68,39,43,PC-3000038
R-3000039,null,28,8,35,PC-3000039
R-3000040,null,151,15,4,PC-3000040
R-3000041,null,279,49,0,PC-3000041
R-3000042,null,12,2,8,PC-3000042
R-3000043,null,92,22,3,PC-3000043
R-3000044,null,273,83,5,PC-3000044
R-3000045,null,2,0,1,PC-3000045
R-3000046,null,30,15,32,PC-3000046
R-3000047,null,102,76,135,PC-3000047
R-3000048,null,164,101,105,PC-3000048
R-3000049,null,111,72,129,PC-3000049
R-3000050,null,325,25,8,PC-3000050
R-3000051,null,232,175,221,PC-3000051
R-3000052,null,191,121,187,PC-3000052
R-3000053,null,45,7,35,PC-3000053
R-3000054,null,7,0,7,PC-3000054
R-3000055,null,275,164,247,PC-3000055
R-3000056,null,29,24,37,PC-3000056
R-3000057,null,159,52,49,PC-3000057
R-3000058,null,115,81,130,PC-3000058
R-3000059,null,10,2,9,PC-3000059
R-3000060,null,111,61,85,PC-3000060
R-3000061,null,12,0,14,PC-3000061
R-3000062,null,10,0,12,PC-3000062
R-3000063,null,29,19,27,PC-3000063
R-3000064,null,117,71,117,PC-3000064
R-3000065,null,95,73,93,PC-3000065
R-3000066,null,398,30,0,PC-3000066
R-3000067,null,121,31,83,PC-3000067
R-3000068,null,33,27,61,PC-3000068
R-3000069,null,41,21,29,PC-3000069
R-3000070,null,11,3,14,PC-3000070
R-3000071,null,330,6,0,PC-3000071
R-3000072,null,14,0,12,PC-3000072
R-3000073,null,13,0,9,PC-3000073
R-3000074,null,181,47,0,PC-3000074
R-3000075,null,8,0,7,PC-3000075
R-3000076,null,10,0,9,PC-3000076
R-3000077,null,42,15,32,PC-3000077
R-3000078,null,12,0,14,PC-3000078
R-3000079,null,12,0,16,PC-3000079
R-3000080,null,91,64,83,PC-3000080
R-3000081,null,92,43,56,PC-3000081
R-3000082,null,3,0,4,PC-3000082
R-3000083,null,268,70,67,PC-3000083
R-3000084,null,165,88,79,PC-3000084
R-3000085,null,15,0,12,PC-3000085
R-3000086,null,2,0,1,PC-3000086
R-3000087,null,151,67,73,PC-3000087
R-3000088,null,231,93,72,PC-3000088
R-3000089,null,43,8,44,PC-3000089
R-3000090,null,248,61,90,PC-3000090
R-3000091,null,87,53,94,PC-3000091
R-3000092,null,5,1,4,PC-3000092
R-3000093,null,70,19,86,PC-3000093
R-3000094,null,86,65,85,PC-3000094
R-3000095,null,307,37,0,PC-3000095
R-3000096,null,75,35,78,PC-3000096
R-3000097,null,43,8,29,PC-3000097
R-3000098,null,418,120,9,PC-3000098
R-3000099,null,12,0,12,PC-3000099
R-3000100,null,9,0,12,PC-3000100
R-3000101,null,139,87,145,PC-3000101
R-3000102,null,10,0,10,PC-3000102
R-3000103,null,82,30,60,PC-3000103
R-3000104,null,239,72,95,PC-3000104
R-3000105,null,30,18,24,PC-3000105
R-3000106,null,168,113,154,PC-3000106
R-3000107,null,4,0,5,PC-3000107
R-3000108,null,97,39,88,PC-3000108
R-3000109,null,74,37,104,PC-3000109
R-3000110,null,625,140,43,PC-3000110
R-3000111,null,29,7,25,PC-3000111
R-3000112,null,765,85,16,PC-3000112
R-3000113,null,253,107,121,PC-3000113
R-3000114,null,30,7,41,PC-3000114
R-3000115,null,9,0,9,PC-3000115
R-3000116,null,118,74,126,PC-3000116
R-3000117,null,368,37,6,PC-3000117
R-3000118,null,148,69,118,PC-3000118
R-3000119,null,10,0,12,PC-3000119
R-3000120,null,206,122,144,PC-3000120
R-3000121,null,129,49,95,PC-3000121
R-3000122,null,60,26,34,PC-3000122
R-3000123,null,54,38,88,PC-3000123
R-3000124,null,195,121,146,PC-3000124
R-3000125,null,1,0,1,PC-3000125
R-3000126,null,417,19,3,PC-3000126
R-3000127,null,167,8,0,PC-3000127
R-3000128,null,17,3,13,PC-3000128
R-3000129,null,2,0,2,PC-3000129
R-3000130,null,154,82,123,PC-3000130
R-3000131,null,204,99,152,PC-3000131
R-3000132,null,422,2,1,PC-3000132
R-3000133,null,84,12,3,PC-3000133
R-3000134,null,41,13,18,PC-3000134
R-3000135,null,386,55,17,PC-3000135
R-3000136,null,12,7,19,PC-3000136
R-3000137,null,89,54,92,PC-3000137
R-3000138,null,201,113,177,PC-3000138
R-3000139,null,325,93,93,PC-3000139
R-3000140,null,345,21,2,PC-3000140
R-3000141,null,149,14,5,PC-3000141
R-3000142,null,79,37,82,PC-3000142
R-3000143,null,126,93,129,PC-3000143
R-3000144,null,49,13,67,PC-3000144
R-3000145,null,29,15,17,PC-3000145
R-3000146,null,32,10,36,PC-3000146
R-3000147,null,160,31,9,PC-3000147
R-3000148,null,117,36,45,PC-3000148
R-3000149,null,9,3,16,PC-3000149
R-3000150,null,5,0,5,PC-3000150
R-3000151,null,42,9,70,PC-3000151
R-3000152,null,208,88,80,PC-3000152
R-3000153,null,62,34,48,PC-3000153
R-3000154,null,394,15,1,PC-3000154
R-3000155,null,217,69,55,PC-3000155
R-3000156,null,4,0,3,PC-3000156
R-3000157,null,148,49,119,PC-3000157
R-3000158,null,241,87,122,PC-3000158
R-3000159,null,2,0,2,PC-3000159
R-3000160,null,16,8,10,PC-3000160
R-3000161,null,208,56,150,PC-3000161
R-3000162,null,103,45,40,PC-3000162
R-3000163,null,9,0,11,PC-3000163
R-3000164,null,30,7,36,PC-3000164
R-3000165,null,54,21,70,PC-3000165
R-3000166,null,464,146,154,PC-3000166
R-3000167,null,743,66,13,PC-3000167
R-3000168,null,394,64,19,PC-3000168
R-3000169,null,48,10,56,PC-3000169
R-3000170,null,283,49,0,PC-3000170
R-3000171,null,225,80,90,PC-3000171
R-3000172,null,56,20,31,PC-3000172
R-3000173,null,273,228,298,PC-3000173
R-3000174,null,203,90,101,PC-3000174
R-3000175,null,28,7,25,PC-3000175
R-3000176,null,303,145,226,PC-3000176
R-3000177,null,60,30,62,PC-3000177
R-3000178,null,117,4,0,PC-3000178
R-3000179,null,442,73,20,PC-3000179
R-3000180,null,18,13,29,PC-3000180
R-3000181,null,106,52,91,PC-3000181
R-3000182,null,24,11,24,PC-3000182
R-3000183,null,138,94,135,PC-3000183
R-3000184,null,159,19,4,PC-3000184
R-3000185,null,29,7,31,PC-3000185
R-3000186,null,81,65,92,PC-3000186
R-3000187,null,7,2,10,PC-3000187
R-3000188,null,262,66,7,PC-3000188
R-3000189,null,748,74,4,PC-3000189
R-3000190,null,44,10,61,PC-3000190
R-3000191,null,123,75,93,PC-3000191
R-3000192,null,650,74,13,PC-3000192
R-3000193,null,37,8,53,PC-3000193
R-3000194,null,108,45,106,PC-3000194
R-3000195,null,231,83,117,PC-3000195
R-3000196,null,178,48,69,PC-3000196
R-3000197,null,30,7,43,PC-3000197
R-3000198,null,230,75,84,PC-3000198
R-3000199,null,59,10,45,PC-3000199
R-3000200,null,39,20,33,PC-3000200
R-3000201,null,212,86,86,PC-3000201
R-3000202,null,342,107,102,PC-3000202
R-3000203,null,102,42,52,PC-3000203
R-3000204,null,44,8,44,PC-3000204
R-3000205,null,490,19,0,PC-3000205
R-3000206,null,51,11,52,PC-3000206
R-3000207,null,208,51,139,PC-3000207
R-3000208,null,11,0,12,PC-3000208
R-3000209,null,69,23,26,PC-3000209
R-3000210,null,93,46,149,PC-3000210
R-3000211,null,50,13,62,PC-3000211
R-3000212,null,11,0,10,PC-3000212
R-3000213,null,66,0,0,PC-3000213
R-3000214,null,12,0,14,PC-3000214
R-3000215,null,138,81,173,PC-3000215
R-3000216,null,190,86,218,PC-3000216
R-3000217,null,49,9,48,PC-3000217
R-3000218,null,250,45,7,PC-3000218
R-3000219,null,45,10,44,PC-3000219
R-3000220,null,496,5,2,PC-3000220
R-3000221,null,17,0,17,PC-3000221
R-3000222,null,62,37,56,PC-3000222
R-3000223,null,2,0,2,PC-3000223
R-3000224,null,205,87,84,PC-3000224
R-3000225,null,9,0,7,PC-3000225
R-3000226,null,36,11,62,PC-3000226
R-3000227,null,10,0,9,PC-3000227
R-3000228,null,135,39,121,PC-3000228
R-3000229,null,1,0,1,PC-3000229
R-3000230,null,317,87,99,PC-3000230
R-3000231,null,476,125,171,PC-3000231
R-3000232,null,1,0,1,PC-3000232
R-3000233,null,58,14,49,PC-3000233
R-3000234,null,465,192,172,PC-3000234
R-3000235,null,5,0,5,PC-3000235
R-3000236,null,197,47,143,PC-3000236
R-3000237,null,50,9,60,PC-3000237
R-3000238,null,21,4,28,PC-3000238
R-3000239,null,39,8,59,PC-3000239
R-3000240,null,43,10,31,PC-3000240
R-3000241,null,14,4,19,PC-3000241
R-3000242,null,9,3,13,PC-3000242
R-3000243,null,27,5,29,PC-3000243
R-3000244,null,241,200,310,PC-3000244
R-3000245,null,71,1,0,PC-3000245
R-3000246,null,72,53,86,PC-3000246
R-3000247,null,484,28,6,PC-3000247
R-3000248,null,312,166,206,PC-3000248
R-3000249,null,5,0,5,PC-3000249
R-3000250,null,82,43,77,PC-3000250
R-3000251,null,97,35,77,PC-3000251
R-3000252,null,38,27,31,PC-3000252
R-3000253,null,65,32,50,PC-3000253
R-3000254,null,39,8,49,PC-3000254
R-3000255,null,42,28,33,PC-3000255
R-3000256,null,37,12,45,PC-3000256
R-3000257,null,42,9,37,PC-3000257
R-3000258,null,33,7,42,PC-3000258
R-3000259,null,3,0,2,PC-3000259
R-3000260,null,11,0,11,PC-3000260
R-3000261,null,1,0,2,PC-3000261
R-3000262,null,59,13,40,PC-3000262
R-3000263,null,21,0,15,PC-3000263
R-3000264,null,86,5,2,PC-3000264
R-3000265,null,54,10,59,PC-3000265
R-3000266,null,85,32,35,PC-3000266
R-3000267,null,29,18,26,PC-3000267
R-3000268,null,14,0,11,PC-3000268
R-3000269,null,102,50,110,PC-3000269
R-3000270,null,19,5,16,PC-3000270
R-3000271,null,48,26,34,PC-3000271
R-3000272,null,91,35,125,PC-3000272
R-3000273,null,208,55,67,PC-3000273
R-3000274,null,309,144,154,PC-3000274
R-3000275,null,76,31,99,PC-3000275
R-3000276,null,102,77,101,PC-3000276
R-3000277,null,15,4,23,PC-3000277
R-3000278,null,198,37,11,PC-3000278
R-3000279,null,60,24,25,PC-3000279
R-3000280,null,55,16,17,PC-3000280
R-3000281,null,35,6,50,PC-3000281
R-3000282,null,123,77,119,PC-3000282
R-3000283,null,17,3,18,PC-3000283
R-3000284,null,2,0,3,PC-3000284
R-3000285,null,58,24,51,PC-3000285
R-3000286,null,141,95,132,PC-3000286
R-3000287,null,47,17,65,PC-3000287
R-3000288,null,176,136,195,PC-3000288
R-3000289,null,32,6,32,PC-3000289
R-3000290,null,153,22,1,PC-3000290
R-3000291,null,115,33,122,PC-3000291
R-3000292,null,10,0,10,PC-3000292
R-3000293,null,22,19,27,PC-3000293
R-3000294,null,43,20,21,PC-3000294
R-3000295,null,394,2,1,PC-3000295
R-3000296,null,175,87,129,PC-3000296
R-3000297,null,18,10,20,PC-3000297
R-3000298,null,66,20,107,PC-3000298
R-3000299,null,50,32,68,PC-3000299
R-3000300,null,414,58,0,PC-3000300
R-3000301,null,39,20,32,PC-3000301
R-3000302,null,85,62,103,PC-3000302
R-3000303,null,56,37,54,PC-3000303
R-3000304,null,274,79,117,PC-3000304
R-3000305,null,277,128,153,PC-3000305
R-3000306,null,41,19,43,PC-3000306
R-3000307,null,32,14,20,PC-3000307
R-3000308,null,76,25,69,PC-3000308
R-3000309,null,146,102,171,PC-3000309
R-3000310,null,161,123,158,PC-3000310
R-3000311,null,10,0,7,PC-3000311
R-3000312,null,253,32,3,PC-3000312
R-3000313,null,43,8,52,PC-3000313
R-3000314,null,163,116,150,PC-3000314
R-3000315,null,62,40,83,PC-3000315
R-3000316,null,73,40,49,PC-3000316
R-3000317,null,314,167,218,PC-3000317
R-3000318,null,242,71,69,PC-3000318
R-3000319,null,34,8,38,PC-3000319
R-3000320,null,115,44,116,PC-3000320
R-3000321,null,145,97,121,PC-3000321
R-3000322,null,76,56,86,PC-3000322
R-3000323,null,577,117,34,PC-3000323
R-3000324,null,73,51,68,PC-3000324
R-3000325,null,2,0,3,PC-3000325
R-3000326,null,14,0,16,PC-3000326
R-3000327,null,58,10,3,PC-3000327
R-3000328,null,39,9,29,PC-3000328
R-3000329,null,191,31,11,PC-3000329
R-3000330,null,110,38,100,PC-3000330
R-3000331,null,38,15,12,PC-3000331
R-3000332,null,4,0,2,PC-3000332
R-3000333,null,177,78,69,PC-3000333
R-3000334,null,12,3,13,PC-3000334
R-3000335,null,167,74,91,PC-3000335
R-3000336,null,446,91,2,PC-3000336
R-3000337,null,571,138,43,PC-3000337
R-3000338,null,2,0,1,PC-3000338
R-3000339,null,43,16,31,PC-3000339
R-3000340,null,40,30,42,PC-3000340
R-3000341,null,171,85,155,PC-3000341
R-3000342,null,35,19,42,PC-3000342
R-3000343,null,261,118,126,PC-3000343
R-3000344,null,119,52,108,PC-3000344
R-3000345,null,432,29,5,PC-3000345
R-3000346,null,1,0,2,PC-3000346
R-3000347,null,295,145,128,PC-3000347
R-3000348,null,159,98,164,PC-3000348
R-3000349,null,11,0,12,PC-3000349
R-3000350,null,264,3,1,PC-3000350
R-3000351,null,164,86,97,PC-3000351
R-3000352,null,83,79,113,PC-3000352
R-3000353,null,136,86,132,PC-3000353
R-3000354,null,63,26,22,PC-3000354
R-3000355,null,67,36,103,PC-3000355
R-3000356,null,86,68,110,PC-3000356
R-3000357,null,35,7,51,PC-3000357
R-3000358,null,454,37,5,PC-3000358
R-3000359,null,179,123,150,PC-3000359
R-3000360,null,351,17,4,PC-3000360
R-3000361,null,31,8,25,PC-3000361
R-3000362,null,23,0,18,PC-3000362
R-3000363,null,11,0,11,PC-3000363
R-3000364,null,19,11,16,PC-3000364
R-3000365,null,99,37,64,PC-3000365
R-3000366,null,326,70,9,PC-3000366
R-3000367,null,179,88,168,PC-3000367
R-3000368,null,88,69,90,PC-3000368
R-3000369,null,176,71,92,PC-3000369
R-3000370,null,115,2,1,PC-3000370
R-3000371,null,151,99,119,PC-3000371
R-3000372,null,14,0,10,PC-3000372
R-3000373,null,307,87,106,PC-3000373
R-3000374,null,10,0,7,PC-3000374
R-3000375,null,180,91,82,PC-3000375
R-3000376,null,688,129,38,PC-3000376
R-3000377,null,5,1,5,PC-3000377
R-3000378,null,451,97,21,PC-3000378
R-3000379,null,35,10,40,PC-3000379
R-3000380,null,48,9,46,PC-3000380
R-3000381,null,14,3,13,PC-3000381
R-3000382,null,171,80,137,PC-3000382
R-3000383,null,173,70,84,PC-3000383
R-3000384,null,171,26,4,PC-3000384
R-3000385,null,13,0,14,PC-3000385
R-3000386,null,14,0,11,PC-3000386
R-3000387,null,58,46,69,PC-3000387
R-3000388,null,1,0,1,PC-3000388
R-3000389,null,44,9,39,PC-3000389
R-3000390,null,244,200,283,PC-3000390
R-3000391,null,10,0,11,PC-3000391
R-3000392,null,62,39,88,PC-3000392
R-3000393,null,5,0,5,PC-3000393
R-3000394,null,40,9,46,PC-3000394
R-3000395,null,8,0,7,PC-3000395
R-3000396,null,17,5,20,PC-3000396
R-3000397,null,26,16,31,PC-3000397
R-3000398,null,137,110,149,PC-3000398
R-3000399,null,13,2,15,PC-3000399
R-3000400,null,11,0,8,PC-3000400
R-3000401,null,20,0,24,PC-3000401
R-3000402,null,165,128,206,PC-3000402
R-3000403,null,44,10,45,PC-3000403
R-3000404,null,719,26,2,PC-3000404
R-3000405,null,389,93,14,PC-3000405
R-3000406,null,221,79,75,PC-3000406
R-3000407,null,654,103,8,PC-3000407
R-3000408,null,6,0,9,PC-3000408
R-3000409,null,94,22,71,PC-3000409
R-3000410,null,43,13,11,PC-3000410
R-3000411,null,175,70,66,PC-3000411
R-3000412,null,14,0,13,PC-3000412
R-3000413,null,91,44,87,PC-3000413
R-3000414,null,43,9,57,PC-3000414
R-3000415,null,702,127,31,PC-3000415
R-3000416,null,54,41,71,PC-3000416
R-3000417,null,3,0,2,PC-3000417
R-3000418,null,7,2,11,PC-3000418
R-3000419,null,145,49,64,PC-3000419
R-3000420,null,171,146,173,PC-3000420
R-3000421,null,26,9,42,PC-3000421
R-3000422,null,51,17,17,PC-3000422
R-3000423,null,121,96,135,PC-3000423
R-3000424,null,170,101,197,PC-3000424
R-3000425,null,78,38,90,PC-3000425
R-3000426,null,342,128,114,PC-3000426
R-3000427,null,94,5,2,PC-3000427
R-3000428,null,166,1,0,PC-3000428
R-3000429,null,59,35,40,PC-3000429
R-3000430,null,157,17,2,PC-3000430
R-3000431,null,419,130,8,PC-3000431
R-3000432,null,40,8,35,PC-3000432
R-3000433,null,382,15,4,PC-3000433
R-3000434,null,630,91,21,PC-3000434
R-3000435,null,227,69,94,PC-3000435
R-3000436,null,66,29,23,PC-3000436
R-3000437,null,55,14,45,PC-3000437
R-3000438,null,51,14,18,PC-3000438
R-3000439,null,180,139,174,PC-3000439
R-3000440,null,242,3,1,PC-3000440
R-3000441,null,15,14,16,PC-3000441
R-3000442,null,38,9,30,PC-3000442
R-3000443,null,425,51,16,PC-3000443
R-3000444,null,163,143,186,PC-3000444
R-3000445,null,260,72,65,PC-3000445
R-3000446,null,362,53,7,PC-3000446
R-3000447,null,95,57,89,PC-3000447
R-3000448,null,269,123,99,PC-3000448
R-3000449,null,135,95,100,PC-3000449
R-3000450,null,202,107,150,PC-3000450
R-3000451,null,12,0,13,PC-3000451
R-3000452,null,55,28,39,PC-3000452
R-3000453,null,282,214,303,PC-3000453
R-3000454,null,73,39,73,PC-3000454
R-3000455,null,15,4,24,PC-3000455
R-3000456,null,142,19,0,PC-3000456
R-3000457,null,201,161,169,PC-3000457
R-3000458,null,313,207,240,PC-3000458
R-3000459,null,40,7,40,PC-3000459
R-3000460,null,119,37,40,PC-3000460
R-3000461,null,167,124,148,PC-3000461
R-3000462,null,290,91,101,PC-3000462
R-3000463,null,151,44,47,PC-3000463
R-3000464,null,50,11,48,PC-3000464
R-3000465,null,11,3,19,PC-3000465
R-3000466,null,16,4,18,PC-3000466
R-3000467,null,298,31,3,PC-3000467
R-3000468,null,323,39,2,PC-3000468
R-3000469,null,5,1,5,PC-3000469
R-3000470,null,16,0,21,PC-3000470
R-3000471,null,335,17,5,PC-3000471
R-3000472,null,23,0,19,PC-3000472
R-3000473,null,33,24,35,PC-3000473
R-3000474,null,165,10,1,PC-3000474
R-3000475,null,7,2,10,PC-3000475
R-3000476,null,2,0,1,PC-3000476
R-3000477,null,22,16,21,PC-3000477
R-3000478,null,117,75,148,PC-3000478
R-3000479,null,10,0,12,PC-3000479
R-3000480,null,9,0,11,PC-3000480
R-3000481,null,7,0,7,PC-3000481
R-3000482,null,34,7,45,PC-3000482
R-3000483,null,36,8,32,PC-3000483
R-3000484,null,177,15,3,PC-3000484
R-3000485,null,44,15,12,PC-3000485
R-3000486,null,86,0,1,PC-3000486
R-3000487,null,12,0,14,PC-3000487
R-3000488,null,45,10,51,PC-3000488
R-3000489,null,2,0,2,PC-3000489
R-3000490,null,41,9,59,PC-3000490
R-3000491,null,453,134,7,PC-3000491
R-3000492,null,31,7,25,PC-3000492
R-3000493,null,126,44,41,PC-3000493
R-3000494,null,126,40,88,PC-3000494
R-3000495,null,99,58,125,PC-3000495
R-3000496,null,20,0,19,PC-3000496
R-3000497,null,8,0,9,PC-3000497
R-3000498,null,59,26,25,PC-3000498
R-3000499,null,10,0,10,PC-3000499
R-1000000,29053,4871,108170,145111,T-1000000
R-1000001,2943,327,2418,10315,T-1000001
R-1000002,399,46,0,1201,T-1000002
R-1000003,1433,210,0,4612,T-1000003
R-1000004,163986,22769,567165,906123,T-1000004
R-1000005,1736,208,5379,7807,T-1000005
R-1000006,1993,245,1288,7391,T-1000006
R-1000007,6084,712,17726,23007,T-1000007
R-1000008,868,139,794,2787,T-1000008
R-1000009,144014,15616,453056,518105,T-1000009
R-1000010,3900,585,3426,16499,T-1000010
R-1000011,5818,798,5477,30831,T-1000011
R-1000012,6940,699,4752,23753,T-1000012
R-1000013,12579,1622,0,39447,T-1000013
R-1000014,64,7,0,213,T-1000014
R-1000015,135,16,520,632,T-1000015
R-1000016,27,3,26,161,T-1000016
R-1000017,3559,485,2630,14833,T-1000017
R-1000018,49002,4725,139835,203561,T-1000018
R-1000019,6443,945,5016,25492,T-1000019
R-1000020,3715,409,8903,13976,T-1000020
R-1000021,104,11,0,290,T-1000021
R-1000022,1655,241,1241,6786,T-1000022
R-1000023,128,17,0,516,T-1000023
R-1000024,999,98,0,2272,T-1000024
R-1000025,425,53,0,1688,T-1000025
R-1000026,1,0,0,4,T-1000026
R-1000027,6384,624,3761,26365,T-1000027
R-1000028,1091,118,800,4012,T-1000028
R-1000029,156,19,108,644,T-1000029
R-1000030,1869,222,5451,8517,T-1000030
R-1000031,5307,853,20556,24495,T-1000031
R-1000032,185082,21065,137791,898156,T-1000032
R-1000033,35432,4802,0,120139,T-1000033
R-1000034,474,66,0,1490,T-1000034
R-1000035,1341,202,0,4247,T-1000035
R-1000036,2309,246,0,8800,T-1000036
R-1000037,1083,127,853,3992,T-1000037
R-1000038,1257,183,0,4225,T-1000038
R-1000039,16556,2208,14643,51018,T-1000039
R-1000040,96605,12120,248195,407550,T-1000040
R-1000041,24411,3891,24009,107099,T-1000041
R-1000042,234,27,169,880,T-1000042
R-1000043,605,56,0,1798,T-1000043
R-1000044,12762,1697,37593,49917,T-1000044
R-1000045,5872,607,17544,26726,T-1000045
R-1000046,352,48,0,1011,T-1000046
R-1000047,1,0,0,4,T-1000047
R-1000048,670,90,569,2812,T-1000048
R-1000049,85,10,69,360,T-1000049
R-1000050,3799,429,3148,10653,T-1000050
R-1000051,4402,451,3638,14086,T-1000051
R-1000052,18104,2547,62855,91583,T-1000052
R-1000053,4742,641,15239,22224,T-1000053
R-1000054,50,5,0,119,T-1000054
R-1000055,10050,1437,33523,43043,T-1000055
R-1000056,53757,6734,169791,267859,T-1000056
R-1000057,37096,3731,101433,125787,T-1000057
R-1000058,5138,558,13335,17858,T-1000058
R-1000059,4964,729,15676,20408,T-1000059
R-1000060,2895,379,2285,7319,T-1000060
R-1000061,1492,201,1151,7654,T-1000061
R-1000062,10280,1170,6267,38453,T-1000062
R-1000063,36247,5036,36755,162004,T-1000063
R-1000064,2,0,0,9,T-1000064
R-1000065,402,51,358,1311,T-1000065
R-1000066,12416,1435,0,33473,T-1000066
R-1000067,19322,2316,66034,104492,T-1000067
R-1000068,13759,2184,44933,55437,T-1000068
R-1000069,398,51,0,1050,T-1000069
R-1000070,2042,229,1847,8045,T-1000070
R-1000071,15364,1587,14346,71820,T-1000071
R-1000072,66398,9109,219085,261845,T-1000072
R-1000073,12538,1727,8603,42540,T-1000073
R-1000074,82540,9982,246144,306827,T-1000074
R-1000075,1227,145,1072,3408,T-1000075
R-1000076,6848,734,19881,30714,T-1000076
R-1000077,2348,300,1452,8358,T-1000077
R-1000078,49636,6111,33859,189188,T-1000078
R-1000079,3969,528,3844,16036,T-1000079
R-1000080,4408,638,3587,13175,T-1000080
R-1000081,1008,138,0,3918,T-1000081
R-1000082,828,84,2318,2865,T-1000082
R-1000083,735,70,0,2085,T-1000083
R-1000084,13680,1679,42034,60705,T-1000084
R-1000085,84,10,0,215,T-1000085
R-1000086,340551,44658,908489,1502414,T-1000086
R-1000087,2573,280,0,8842,T-1000087
R-1000088,872,110,0,3219,T-1000088
R-1000089,37662,4724,100485,120767,T-1000089
R-1000090,10926,1345,0,38428,T-1000090
R-1000091,713,96,753,2865,T-1000091
R-1000092,8159,1243,26995,44104,T-1000092
R-1000093,126,17,0,312,T-1000093
R-1000094,230,32,0,740,T-1000094
R-1000095,2529,313,6323,9097,T-1000095
R-1000096,2544,258,6783,11791,T-1000096
R-1000097,32745,3719,23848,146686,T-1000097
R-1000098,2607,318,2146,7415,T-1000098
R-1000099,2407,290,7183,10622,T-1000099
R-1000100,9292,1258,0,30652,T-1000100
R-1000101,5126,705,16426,23352,T-1000101
R-1000102,15686,2115,14239,52285,T-1000102
R-1000103,4052,423,12796,18840,T-1000103
R-1000104,61255,8940,43996,297686,T-1000104
R-1000105,1896,206,4882,8468,T-1000105
R-1000106,7054,930,6248,28373,T-1000106
R-1000107,14374,2088,42870,81915,T-1000107
R-1000108,239,22,196,768,T-1000108
R-1000109,4516,716,4698,16258,T-1000109
R-1000110,1504,178,0,4195,T-1000110
R-1000111,70,7,0,194,T-1000111
R-1000112,86910,13644,71792,389128,T-1000112
R-1000113,4929,713,3872,20257,T-1000113
R-1000114,1824,197,4920,7745,T-1000114
R-1000115,1970,243,1518,9618,T-1000115
R-1000116,36162,5240,121727,138520,T-1000116
R-1000117,1464,190,0,4335,T-1000117
R-1000118,180,19,127,682,T-1000118
R-1000119,3025,341,7176,11567,T-1000119
R-1000120,696,80,0,1725,T-1000120
R-1000121,6088,800,4575,18176,T-1000121
R-1000122,33,4,100,126,T-1000122
R-1000123,0,0,0,2,T-1000123
R-1000124,76862,8560,236227,376030,T-1000124
R-1000125,1140,167,4099,4246,T-1000125
R-1000126,450,61,0,1548,T-1000126
R-1000127,1069,128,0,3777,T-1000127
R-1000128,744,75,0,2105,T-1000128
R-1000129,1362,219,0,4276,T-1000129
R-1000130,543416,58880,1393526,2008389,T-1000130
R-1000131,48,8,0,177,T-1000131
R-1000132,1609,219,5935,6727,T-1000132
R-1000133,8872,1095,6580,24589,T-1000133
R-1000134,3350,480,12660,15156,T-1000134
R-1000135,148,18,0,372,T-1000135
R-1000136,142955,16588,443402,548115,T-1000136
R-1000137,20494,2352,60022,71708,T-1000137
R-1000138,5202,640,13588,21135,T-1000138
R-1000139,27037,3283,23598,81277,T-1000139
R-1000140,77063,11970,269428,400184,T-1000140
R-1000141,6248,747,17536,19488,T-1000141
R-1000142,4509,677,4219,23889,T-1000142
R-1000143,249411,28259,169242,638657,T-1000143
R-1000144,715,84,2486,3773,T-1000144
R-1000145,843,109,549,3050,T-1000145
R-1000146,2691,304,7387,11868,T-1000146
R-1000147,1119,112,0,3566,T-1000147
R-1000148,2172,285,2020,9132,T-1000148
R-1000149,809,82,0,2034,T-1000149
R-1000150,5887,669,5497,16005,T-1000150
R-1000151,19001,2877,64029,73687,T-1000151
R-1000152,66,8,0,229,T-1000152
R-1000153,15161,2404,16162,61290,T-1000153
R-1000154,2829,320,2634,7325,T-1000154
R-1000155,54195,6954,160016,253796,T-1000155
R-1000156,62,5,0,171,T-1000156
R-1000157,152,21,410,688,T-1000157
R-1000158,25410,3465,20186,76347,T-1000158
R-1000159,33576,4140,105583,171747,T-1000159
R-1000160,20370,2356,19597,96710,T-1000160
R-1000161,611,91,0,2460,T-1000161
R-1000162,253,26,0,610,T-1000162
R-1000163,16454,2709,64888,89814,T-1000163
R-1000164,175,26,0,590,T-1000164
R-1000165,4814,770,5336,17423,T-1000165
R-1000166,4504,535,11875,16951,T-1000166
R-1000167,7611,866,20460,31299,T-1000167
R-1000168,468,51,0,1355,T-1000168
R-1000169,2933,281,7870,10924,T-1000169
R-1000170,13504,1550,9405,40772,T-1000170
R-1000171,14702,1886,44771,63863,T-1000171
R-1000172,20512,3045,17557,76391,T-1000172
R-1000173,320,48,0,912,T-1000173
R-1000174,640,84,467,2335,T-1000174
R-1000175,18,2,70,83,T-1000175
R-1000176,4014,602,0,12307,T-1000176
R-1000177,8385,997,0,24105,T-1000177
R-1000178,8500,1071,0,28773,T-1000178
R-1000179,16809,2386,16095,73770,T-1000179
R-1000180,486,62,434,1267,T-1000180
R-1000181,3562,514,12604,14620,T-1000181
R-1000182,24580,3622,72149,104878,T-1000182
R-1000183,2995,280,2254,11257,T-1000183
R-1000184,10121,1120,31381,40357,T-1000184
R-1000185,190,29,629,1010,T-1000185
R-1000186,372,46,0,880,T-1000186
R-1000187,84,10,0,247,T-1000187
R-1000188,8837,972,6357,38311,T-1000188
R-1000189,193,26,0,705,T-1000189
R-1000190,200398,21739,541164,814468,T-1000190
R-1000191,864,124,2850,3249,T-1000191
R-1000192,147630,16673,409242,762647,T-1000192
R-1000193,1023,165,0,4726,T-1000193
R-1000194,18,1,47,63,T-1000194
R-1000195,24503,3242,78266,120235,T-1000195
R-1000196,472,73,0,1601,T-1000196
R-1000197,667,90,0,2058,T-1000197
R-1000198,3618,425,10647,12502,T-1000198
R-1000199,323757,44096,998921,1475388,T-1000199
R-1000200,885,96,661,2285,T-1000200
R-1000201,516,55,0,1426,T-1000201
R-1000202,551,64,0,1607,T-1000202
R-1000203,273,34,0,852,T-1000203
R-1000204,3406,486,2490,15804,T-1000204
R-1000205,31145,4213,24823,166131,T-1000205
R-1000206,1461,188,0,4756,T-1000206
R-1000207,6950,935,6238,37327,T-1000207
R-1000208,7632,1002,7280,29581,T-1000208
R-1000209,1605,192,4890,5346,T-1000209
R-1000210,2,0,0,4,T-1000210
R-1000211,14720,1481,46126,66411,T-1000211
R-1000212,604,75,442,3031,T-1000212
R-1000213,1042,123,0,3023,T-1000213
R-1000214,4,0,0,15,T-1000214
R-1000215,53092,6854,45600,217903,T-1000215
R-1000216,3224,463,0,9505,T-1000216
R-1000217,530,68,1861,2317,T-1000217
R-1000218,9484,1273,30985,39933,T-1000218
R-1000219,323,42,244,988,T-1000219
R-1000220,5450,607,16913,26487,T-1000220
R-1000221,51969,8170,155050,293859,T-1000221
R-1000222,11052,1480,8466,36607,T-1000222
R-1000223,9801,954,25508,44394,T-1000223
R-1000224,277,33,0,771,T-1000224
R-1000225,31919,3580,25009,113026,T-1000225
R-1000226,4406,601,3481,20288,T-1000226
R-1000227,2031,267,2044,6445,T-1000227
R-1000228,19910,1969,58221,67604,T-1000228
R-1000229,479,71,0,1429,T-1000229
R-1000230,3952,441,0,10976,T-1000230
R-1000231,4,0,0,14,T-1000231
R-1000232,1811,223,0,7862,T-1000232
R-1000233,621,82,569,2718,T-1000233
R-1000234,699,89,2513,3302,T-1000234
R-1000235,292,31,225,1214,T-1000235
R-1000236,5036,574,3116,16906,T-1000236
R-1000237,16518,2157,14360,52925,T-1000237
R-1000238,19,3,68,115,T-1000238
R-1000239,39373,4660,126287,149949,T-1000239
R-1000240,3255,407,3168,9774,T-1000240
R-1000241,464,43,0,1317,T-1000241
R-1000242,13053,1884,47780,52260,T-1000242
R-1000243,32636,4249,107692,157303,T-1000243
R-1000244,9547,1258,29234,37737,T-1000244
R-1000245,8,1,28,38,T-1000245
R-1000246,2457,349,8231,11513,T-1000246
R-1000247,19156,2239,54912,94033,T-1000247
R-1000248,150,17,0,385,T-1000248
R-1000249,6111,784,19566,20772,T-1000249
R-1000250,6929,897,20939,25172,T-1000250
R-1000251,21,3,0,82,T-1000251
R-1000252,609,72,373,2180,T-1000252
R-1000253,1256,154,971,3052,T-1000253
R-1000254,1383,151,0,3722,T-1000254
R-1000255,2481,361,2257,8188,T-1000255
R-1000256,7323,957,6256,22593,T-1000256
R-1000257,3613,456,10752,18419,T-1000257
R-1000258,646,77,557,2693,T-1000258
R-1000259,161,21,0,536,T-1000259
R-1000260,1129,144,0,3610,T-1000260
R-1000261,1700,168,0,5320,T-1000261
R-1000262,73,6,0,170,T-1000262
R-1000263,1932,189,1528,4670,T-1000263
R-1000264,990,134,675,2705,T-1000264
R-1000265,29759,3059,90845,107950,T-1000265
R-1000266,8989,1233,28855,37310,T-1000266
R-1000267,2277,266,6889,9955,T-1000267
R-1000268,1544,221,0,6125,T-1000268
R-1000269,428,46,0,1118,T-1000269
R-1000270,796,85,2184,3416,T-1000270
R-1000271,1322,125,0,2893,T-1000271
R-1000272,11862,1638,38430,53267,T-1000272
R-1000273,3110,407,11455,16468,T-1000273
R-1000274,13099,1685,12590,62356,T-1000274
R-1000275,9999,1325,32323,40240,T-1000275
R-1000276,45778,5708,133226,172988,T-1000276
R-1000277,4609,543,12104,16668,T-1000277
R-1000278,6002,759,17520,20420,T-1000278
R-1000279,633,61,0,1790,T-1000279
R-1000280,691,95,2265,4050,T-1000280
R-1000281,36118,4291,96209,139349,T-1000281
R-1000282,412,71,0,1289,T-1000282
R-1000283,1110,159,850,5035,T-1000283
R-1000284,1705,181,1273,4814,T-1000284
R-1000285,1094,136,855,3609,T-1000285
R-1000286,11380,1333,9932,35744,T-1000286
R-1000287,544,64,0,2035,T-1000287
R-1000288,1012,127,836,4471,T-1000288
R-1000289,14901,1662,43143,64760,T-1000289
R-1000290,2551,341,0,7446,T-1000290
R-1000291,62,7,0,171,T-1000291
R-1000292,7461,1052,5390,24417,T-1000292
R-1000293,2640,426,0,8414,T-1000293
R-1000294,231114,29366,199506,1039783,T-1000294
R-1000295,380,48,0,1632,T-1000295
R-1000296,2418,348,0,9576,T-1000296
R-1000297,3841,469,2326,14781,T-1000297
R-1000298,19,2,57,99,T-1000298
R-1000299,5395,536,4199,17642,T-1000299
R-1000300,11766,1751,39277,64693,T-1000300
R-1000301,13034,1841,39617,66880,T-1000301
R-1000302,174,19,495,865,T-1000302
R-1000303,241366,28905,192690,742584,T-1000303
R-1000304,4049,492,3535,11079,T-1000304
R-1000305,149,16,0,503,T-1000305
R-1000306,4347,502,3587,11824,T-1000306
R-1000307,28592,4393,104490,133669,T-1000307
R-1000308,227,23,0,513,T-1000308
R-1000309,27007,2678,20292,90198,T-1000309
R-1000310,973,98,0,2423,T-1000310
R-1000311,31,4,104,123,T-1000311
R-1000312,536,65,0,1713,T-1000312
R-1000313,3215,305,0,10312,T-1000313
R-1000314,1527,206,1196,5044,T-1000314
R-1000315,400,53,364,1158,T-1000315
R-1000316,12636,1497,8551,31765,T-1000316
R-1000317,1918,256,0,6268,T-1000317
R-1000318,5325,663,14883,21079,T-1000318
R-1000319,51345,6170,170318,202338,T-1000319
R-1000320,1313,193,1280,4656,T-1000320
R-1000321,334,44,0,1255,T-1000321
R-1000322,2576,343,0,7827,T-1000322
R-1000323,618,79,532,1753,T-1000323
R-1000324,49,7,0,167,T-1000324
R-1000325,438,45,365,1069,T-1000325
R-1000326,4422,529,3573,23096,T-1000326
R-1000327,1596,181,0,5049,T-1000327
R-1000328,847,127,0,2938,T-1000328
R-1000329,2888,396,8646,13203,T-1000329
R-1000330,2894,368,0,12721,T-1000330
R-1000331,115,14,0,346,T-1000331
R-1000332,3336,424,2201,13497,T-1000332
R-1000333,23030,3352,77357,95399,T-1000333
R-1000334,145629,18334,494380,771297,T-1000334
R-1000335,743,126,0,2988,T-1000335
R-1000336,1615,215,1708,8576,T-1000336
R-1000337,16003,1697,41614,53844,T-1000337
R-1000338,28592,4417,93099,128239,T-1000338
R-1000339,96,11,0,249,T-1000339
R-1000340,148430,18428,438606,737697,T-1000340
R-1000341,7612,830,22334,26644,T-1000341
R-1000342,31781,3875,87474,111160,T-1000342
R-1000343,7898,892,5715,30003,T-1000343
R-1000344,524,83,507,2153,T-1000344
R-1000345,21558,2393,62198,103412,T-1000345
R-1000346,850,109,753,2747,T-1000346
R-1000347,7372,958,5031,26333,T-1000347
R-1000348,245,24,0,855,T-1000348
R-1000349,7748,863,19430,24797,T-1000349
R-1000350,5679,693,18289,21811,T-1000350
R-1000351,4080,570,14554,17405,T-1000351
R-1000352,5609,805,4260,18817,T-1000352
R-1000353,4733,526,13431,16959,T-1000353
R-1000354,8158,939,27278,32086,T-1000354
R-1000355,37034,5639,125575,152681,T-1000355
R-1000356,3354,467,3485,12227,T-1000356
R-1000357,1197,194,0,4796,T-1000357
R-1000358,10452,1267,40744,49891,T-1000358
R-1000359,11056,1347,0,25019,T-1000359
R-1000360,1300,150,915,5363,T-1000360
R-1000361,206,27,0,555,T-1000361
R-1000362,6087,753,4822,26530,T-1000362
R-1000363,139,17,0,470,T-1000363
R-1000364,4935,668,15509,24832,T-1000364
R-1000365,42949,6251,132560,229392,T-1000365
R-1000366,4162,526,4519,21431,T-1000366
R-1000367,2769,292,0,8507,T-1000367
R-1000368,5535,699,0,12232,T-1000368
R-1000369,5067,840,5337,17863,T-1000369
R-1000370,9818,1220,7370,24649,T-1000370
R-1000371,182,20,0,476,T-1000371
R-1000372,263,26,0,596,T-1000372
R-1000373,11664,1462,40209,46102,T-1000373
R-1000374,22486,3165,75773,96458,T-1000374
R-1000375,971,135,0,3354,T-1000375
R-1000376,11,1,0,36,T-1000376
R-1000377,5169,567,15731,24033,T-1000377
R-1000378,32254,3129,0,83813,T-1000378
R-1000379,519,63,0,1633,T-1000379
R-1000380,608,73,2039,3334,T-1000380
R-1000381,1819,190,1091,5346,T-1000381
R-1000382,6554,999,22186,35457,T-1000382
R-1000383,20814,2642,71386,113509,T-1000383
R-1000384,3059,341,2932,11969,T-1000384
R-1000385,653,82,0,2252,T-1000385
R-1000386,328,43,0,886,T-1000386
R-1000387,961,93,771,2779,T-1000387
R-1000388,27789,3178,75533,103344,T-1000388
R-1000389,861,109,0,2796,T-1000389
R-1000390,2206,314,8265,8778,T-1000390
R-1000391,6670,960,24021,34653,T-1000391
R-1000392,1227,144,915,3054,T-1000392
R-1000393,318,34,0,780,T-1000393
R-1000394,109,13,0,330,T-1000394
R-1000395,40557,5246,107772,196277,T-1000395
R-1000396,626,85,698,2094,T-1000396
R-1000397,2554,248,0,7065,T-1000397
R-1000398,324,51,323,1725,T-1000398
R-1000399,6462,821,4150,20719,T-1000399
R-1000400,24654,3117,66731,87559,T-1000400
R-1000401,17577,2820,57292,76522,T-1000401
R-1000402,38712,5100,107980,138234,T-1000402
R-1000403,2820,343,0,7297,T-1000403
R-1000404,65201,7238,62005,273436,T-1000404
R-1000405,3026,466,2247,9830,T-1000405
R-1000406,1500,193,1010,6439,T-1000406
R-1000407,1054,100,0,2808,T-1000407
R-1000408,2815,388,2460,8287,T-1000408
R-1000409,2681,295,0,8099,T-1000409
R-1000410,12184,1455,37213,67918,T-1000410
R-1000411,28481,2975,18148,106428,T-1000411
R-1000412,34252,3985,99364,138218,T-1000412
R-1000413,229,32,0,855,T-1000413
R-1000414,991,114,0,2866,T-1000414
R-1000415,1147,161,0,3180,T-1000415
R-1000416,1307,161,1049,7312,T-1000416
R-1000417,415,64,0,1162,T-1000417
R-1000418,79,9,0,198,T-1000418
R-1000419,12525,1575,41026,54608,T-1000419
R-1000420,4490,628,12926,18975,T-1000420
R-1000421,12023,1288,40538,43725,T-1000421
R-1000422,45382,5932,168567,187633,T-1000422
R-1000423,239,30,0,751,T-1000423
R-1000424,597,87,463,2648,T-1000424
R-1000425,150,16,0,575,T-1000425
R-1000426,7495,936,20029,33617,T-1000426
R-1000427,13301,1468,0,43985,T-1000427
R-1000428,10,1,10,27,T-1000428
R-1000429,1568,209,4328,7421,T-1000429
R-1000430,1382,184,1357,6437,T-1000430
R-1000431,245,29,218,799,T-1000431
R-1000432,334,44,270,1211,T-1000432
R-1000433,154,20,536,618,T-1000433
R-1000434,305,36,0,743,T-1000434
R-1000435,425,46,0,1472,T-1000435
R-1000436,16,1,11,46,T-1000436
R-1000437,498987,56031,1448658,2355896,T-1000437
R-1000438,444,52,306,1942,T-1000438
R-1000439,398,45,0,1367,T-1000439
R-1000440,2450,283,2121,10874,T-1000440
R-1000441,90149,11173,325540,333499,T-1000441
R-1000442,3264,333,0,10072,T-1000442
R-1000443,414,50,0,1647,T-1000443
R-1000444,646,75,0,1726,T-1000444
R-1000445,2114,263,1793,7549,T-1000445
R-1000446,63972,6772,155972,236470,T-1000446
R-1000447,3,0,0,9,T-1000447
R-1000448,150,21,454,611,T-1000448
R-1000449,8040,845,21237,34696,T-1000449
R-1000450,1662,209,1018,4112,T-1000450
R-1000451,4704,604,4568,19515,T-1000451
R-1000452,78726,9763,237547,346925,T-1000452
R-1000453,6549,735,4558,33486,T-1000453
R-1000454,4898,502,0,11283,T-1000454
R-1000455,9480,1061,0,22446,T-1000455
R-1000456,4320,503,15744,20670,T-1000456
R-1000457,3662,394,2547,16058,T-1000457
R-1000458,171662,22988,511321,707235,T-1000458
R-1000459,490,73,431,2192,T-1000459
R-1000460,39296,4076,111036,156019,T-1000460
R-1000461,182,20,0,500,T-1000461
R-1000462,15587,2315,54343,78976,T-1000462
R-1000463,1999,299,1928,7776,T-1000463
R-1000464,53,5,0,150,T-1000464
R-1000465,113071,11333,350004,462706,T-1000465
R-1000466,660,70,565,2488,T-1000466
R-1000467,3266,391,2853,16701,T-1000467
R-1000468,19865,2207,11437,60252,T-1000468
R-1000469,1,0,0,3,T-1000469
R-1000470,1705,213,1455,6046,T-1000470
R-1000471,293,30,0,743,T-1000471
R-1000472,15991,2217,53899,63671,T-1000472
R-1000473,9607,1274,8714,50727,T-1000473
R-1000474,61,6,0,184,T-1000474
R-1000475,60177,5945,155080,251187,T-1000475
R-1000476,2455,331,7709,14279,T-1000476
R-1000477,3515,436,3058,11430,T-1000477
R-1000478,1275,163,0,3376,T-1000478
R-1000479,2066,316,7277,9250,T-1000479
R-1000480,2274,365,7428,10101,T-1000480
R-1000481,880,112,608,2520,T-1000481
R-1000482,1681,193,0,5764,T-1000482
R-1000483,308,36,1084,1753,T-1000483
R-1000484,1,0,0,3,T-1000484
R-1000485,118883,15530,367340,608157,T-1000485
R-1000486,5,0,6,28,T-1000486
R-1000487,1949,229,1677,5093,T-1000487
R-1000488,4510,453,3856,18506,T-1000488
R-1000489,816,129,844,3456,T-1000489
R-1000490,28900,3343,86802,126169,T-1000490
R-1000491,86526,8848,240910,407096,T-1000491
R-1000492,2121,288,7622,11002,T-1000492
R-1000493,16794,1659,49344,57567,T-1000493
R-1000494,1288,123,0,3206,T-1000494
R-1000495,166,26,672,759,T-1000495
R-1000496,9,1,6,33,T-1000496
R-1000497,3688,446,2875,10501,T-1000497
R-1000498,14397,1443,10289,50664,T-1000498
R-1000499,2661,316,1990,6343,T-1000499
R-4000000,null,0,0,0,VC-4000000
R-4000001,null,1,0,1,VC-4000001
R-4000002,null,0,0,0,VC-4000002
R-4000003,null,0,0,0,VC-4000003
R-4000004,null,0,0,1,VC-4000004
R-4000005,null,0,1,1,VC-4000005
R-4000006,null,0,0,0,VC-4000006
R-4000007,null,0,0,0,VC-4000007
R-4000008,null,0,0,1,VC-4000008
R-4000009,null,2,1,0,VC-4000009
R-4000010,null,0,0,0,VC-4000010
R-4000011,null,1,1,1,VC-4000011
R-4000012,null,1,1,0,VC-4000012
R-4000013,null,0,0,0,VC-4000013
R-4000014,null,0,0,1,VC-4000014
R-4000015,null,0,0,0,VC-4000015
R-4000016,null,0,0,0,VC-4000016
R-4000017,null,0,0,0,VC-4000017
R-4000018,null,0,1,0,VC-4000018
R-4000019,null,0,0,0,VC-4000019
R-4000020,null,0,0,0,VC-4000020
R-4000021,null,1,1,1,VC-4000021
R-4000022,null,0,0,0,VC-4000022
R-4000023,null,0,0,0,VC-4000023
R-4000024,null,0,0,0,VC-4000024
R-4000025,null,0,0,0,VC-4000025
R-4000026,null,0,0,1,VC-4000026
R-4000027,null,0,0,0,VC-4000027
R-4000028,null,0,0,0,VC-4000028
R-4000029,null,0,0,0,VC-4000029
R-4000030,null,0,0,0,VC-4000030
R-4000031,null,0,0,0,VC-4000031
R-4000032,null,0,0,0,VC-4000032
R-4000033,null,22,6,8,VC-4000033
R-4000034,null,0,0,1,VC-4000034
R-4000035,null,1,1,1,VC-4000035
R-4000036,null,0,0,0,VC-4000036
R-4000037,null,0,0,1,VC-4000037
R-4000038,null,0,0,0,VC-4000038
R-4000039,null,0,0,0,VC-4000039
R-4000040,null,2,1,1,VC-4000040
R-4000041,null,0,0,0,VC-4000041
R-4000042,null,0,0,0,VC-4000042
R-4000043,null,0,0,0,VC-4000043
R-4000044,null,0,0,0,VC-4000044
R-4000045,null,0,0,0,VC-4000045
R-4000046,null,1,0,0,VC-4000046
R-4000047,null,0,0,0,VC-4000047
R-4000048,null,0,0,1,VC-4000048
R-4000049,null,1,1,1,VC-4000049
R-4000050,null,0,0,0,VC-4000050
R-4000051,null,1,0,0,VC-4000051
R-4000052,null,0,0,0,VC-4000052
R-4000053,null,5,1,1,VC-4000053
R-4000054,null,0,0,0,VC-4000054
R-4000055,null,0,0,0,VC-4000055
R-4000056,null,0,0,0,VC-4000056
R-4000057,null,0,0,0,VC-4000057
R-4000058,null,0,0,0,VC-4000058
R-4000059,null,1,0,1,VC-4000059
R-4000060,null,0,0,0,VC-4000060
R-4000061,null,0,0,0,VC-4000061
R-4000062,null,17,7,7,VC-4000062
R-4000063,null,1,1,2,VC-4000063
R-4000064,null,2,0,0,VC-4000064
R-4000065,null,4,0,0,VC-4000065
R-4000066,null,0,0,0,VC-4000066
R-4000067,null,0,0,0,VC-4000067
R-4000068,null,0,0,0,VC-4000068
R-4000069,null,0,0,1,VC-4000069
R-4000070,null,5,1,0,VC-4000070
R-4000071,null,0,0,0,VC-4000071
R-4000072,null,0,0,0,VC-4000072
R-4000073,null,0,0,0,VC-4000073
R-4000074,null,0,0,0,VC-4000074
R-4000075,null,0,0,0,VC-4000075
R-4000076,null,1,0,0,VC-4000076
R-4000077,null,0,0,0,VC-4000077
R-4000078,null,0,0,0,VC-4000078
R-4000079,null,5,2,3,VC-4000079
R-4000080,null,0,0,0,VC-4000080
R-4000081,null,0,0,0,VC-4000081
R-4000082,null,1,0,0,VC-4000082
R-4000083,null,17,5,4,VC-4000083
R-4000084,null,1,0,0,VC-4000084
R-4000085,null,0,0,0,VC-4000085
R-4000086,null,0,0,0,VC-4000086
R-4000087,null,0,0,1,VC-4000087
R-4000088,null,1,0,0,VC-4000088
R-4000089,null,0,0,0,VC-4000089
R-4000090,null,0,0,1,VC-4000090
R-4000091,null,0,0,1,VC-4000091
R-4000092,null,0,0,0,VC-4000092
R-4000093,null,1,0,0,VC-4000093
R-4000094,null,2,1,0,VC-4000094
R-4000095,null,0,0,0,VC-4000095
R-4000096,null,1,0,0,VC-4000096
R-4000097,null,1,1,1,VC-4000097
R-4000098,null,2,0,1,VC-4000098
R-4000099,null,0,0,0,VC-4000099
R-4000100,null,10,3,7,VC-4000100
R-4000101,null,1,0,0,VC-4000101
R-4000102,null,2,0,0,VC-4000102
R-4000103,null,0,0,0,VC-4000103
R-4000104,null,0,0,1,VC-4000104
R-4000105,null,0,0,0,VC-4000105
R-4000106,null,1,1,0,VC-4000106
R-4000107,null,0,0,0,VC-4000107
R-4000108,null,0,0,0,VC-4000108
R-4000109,null,0,0,0,VC-4000109
R-4000110,null,3,0,1,VC-4000110
R-4000111,null,0,0,0,VC-4000111
R-4000112,null,0,0,0,VC-4000112
R-4000113,null,0,0,0,VC-4000113
R-4000114,null,0,0,1,VC-4000114
R-4000115,null,0,0,0,VC-4000115
R-4000116,null,3,1,1,VC-4000116
R-4000117,null,0,0,0,VC-4000117
R-4000118,null,14,1,0,VC-4000118
R-4000119,null,9,3,2,VC-4000119
R-4000120,null,1,0,0,VC-4000120
R-4000121,null,4,1,1,VC-4000121
R-4000122,null,0,0,0,VC-4000122
R-4000123,null,0,0,0,VC-4000123
R-4000124,null,0,0,0,VC-4000124
R-4000125,null,0,0,0,VC-4000125
R-4000126,null,0,0,1,VC-4000126
R-4000127,null,1,0,0,VC-4000127
R-4000128,null,0,0,0,VC-4000128
R-4000129,null,0,0,0,VC-4000129
R-4000130,null,0,0,0,VC-4000130
R-4000131,null,0,0,0,VC-4000131
R-4000132,null,0,0,0,VC-4000132
R-4000133,null,0,0,0,VC-4000133
R-4000134,null,0,0,0,VC-4000134
R-4000135,null,0,0,0,VC-4000135
R-4000136,null,28,20,31,VC-4000136
R-4000137,null,0,0,1,VC-4000137
R-4000138,null,1,0,2,VC-4000138
R-4000139,null,1,0,1,VC-4000139
R-4000140,null,14,0,0,VC-4000140
R-4000141,null,0,1,1,VC-4000141
R-4000142,null,0,0,0,VC-4000142
R-4000143,null,0,0,0,VC-4000143
R-4000144,null,11,6,8,VC-4000144
R-4000145,null,0,0,0,VC-4000145
R-4000146,null,0,1,0,VC-4000146
R-4000147,null,0,0,0,VC-4000147
R-4000148,null,1,0,0,VC-4000148
R-4000149,null,2,0,0,VC-4000149
R-4000150,null,0,0,0,VC-4000150
R-4000151,null,1,0,1,VC-4000151
R-4000152,null,1,0,1,VC-4000152
R-4000153,null,0,1,1,VC-4000153
R-4000154,null,3,0,0,VC-4000154
R-4000155,null,0,0,0,VC-4000155
R-4000156,null,0,0,0,VC-4000156
R-4000157,null,0,0,0,VC-4000157
R-4000158,null,1,1,1,VC-4000158
R-4000159,null,0,0,0,VC-4000159
R-4000160,null,0,0,0,VC-4000160
R-4000161,null,15,8,12,VC-4000161
R-4000162,null,0,0,0,VC-4000162
R-4000163,null,3,0,0,VC-4000163
R-4000164,null,1,0,0,VC-4000164
R-4000165,null,0,0,0,VC-4000165
R-4000166,null,0,0,0,VC-4000166
R-4000167,null,0,0,0,VC-4000167
R-4000168,null,0,1,1,VC-4000168
R-4000169,null,0,0,0,VC-4000169
R-4000170,null,0,0,0,VC-4000170
R-4000171,null,0,0,0,VC-4000171
R-4000172,null,0,0,0,VC-4000172
R-4000173,null,0,0,0,VC-4000173
R-4000174,null,0,0,0,VC-4000174
R-4000175,null,0,0,0,VC-4000175
R-4000176,null,1,1,2,VC-4000176
R-4000177,null,2,0,0,VC-4000177
R-4000178,null,0,0,0,VC-4000178
R-4000179,null,0,1,0,VC-4000179
R-4000180,null,4,0,1,VC-4000180
R-4000181,null,0,1,0,VC-4000181
R-4000182,null,2,0,0,VC-4000182
R-4000183,null,0,0,0,VC-4000183
R-4000184,null,1,1,1,VC-4000184
R-4000185,null,0,0,1,VC-4000185
R-4000186,null,0,0,0,VC-4000186
R-4000187,null,1,0,0,VC-4000187
R-4000188,null,0,0,0,VC-4000188
R-4000189,null,0,0,1,VC-4000189
R-4000190,null,2,1,0,VC-4000190
R-4000191,null,1,1,2,VC-4000191
R-4000192,null,2,0,0,VC-4000192
R-4000193,null,0,0,0,VC-4000193
R-4000194,null,1,0,0,VC-4000194
R-4000195,null,0,0,0,VC-4000195
R-4000196,null,0,0,0,VC-4000196
R-4000197,null,3,0,0,VC-4000197
R-4000198,null,0,0,0,VC-4000198
R-4000199,null,0,0,0,VC-4000199
R-4000200,null,0,0,0,VC-4000200
R-4000201,null,2,0,1,VC-4000201
R-4000202,null,1,0,0,VC-4000202
R-4000203,null,2,0,0,VC-4000203
R-4000204,null,0,0,0,VC-4000204
R-4000205,null,0,0,0,VC-4000205
R-4000206,null,0,0,1,VC-4000206
R-4000207,null,0,0,0,VC-4000207
R-4000208,null,0,0,0,VC-4000208
R-4000209,null,0,0,0,VC-4000209
R-4000210,null,4,0,0,VC-4000210
R-4000211,null,0,0,0,VC-4000211
R-4000212,null,1,1,0,VC-4000212
R-4000213,null,1,0,1,VC-4000213
R-4000214,null,0,0,0,VC-4000214
R-4000215,null,0,0,0,VC-4000215
R-4000216,null,1,0,1,VC-4000216
R-4000217,null,0,0,0,VC-4000217
R-4000218,null,0,0,0,VC-4000218
R-4000219,null,11,1,0,VC-4000219
R-4000220,null,1,0,1,VC-4000220
R-4000221,null,30,17,23,VC-4000221
R-4000222,null,0,0,0,VC-4000222
R-4000223,null,1,0,0,VC-4000223
R-4000224,null,0,0,0,VC-4000224
R-4000225,null,0,0,1,VC-4000225
R-4000226,null,3,0,0,VC-4000226
R-4000227,null,21,16,24,VC-4000227
R-4000228,null,0,0,0,VC-4000228
R-4000229,null,3,1,3,VC-4000229
R-4000230,null,1,2,2,VC-4000230
R-4000231,null,1,0,0,VC-4000231
R-4000232,null,0,0,0,VC-4000232
R-4000233,null,0,0,0,VC-4000233
R-4000234,null,1,0,0,VC-4000234
R-4000235,null,0,0,0,VC-4000235
R-4000236,null,2,1,1,VC-4000236
R-4000237,null,4,2,0,VC-4000237
R-4000238,null,0,0,0,VC-4000238
R-4000239,null,0,0,0,VC-4000239
R-4000240,null,0,0,0,VC-4000240
R-4000241,null,11,7,9,VC-4000241
R-4000242,null,0,0,0,VC-4000242
R-4000243,null,0,0,0,VC-4000243
R-4000244,null,2,0,0,VC-4000244
R-4000245,null,0,0,0,VC-4000245
R-4000246,null,0,0,0,VC-4000246
R-4000247,null,0,0,0,VC-4000247
R-4000248,null,1,0,0,VC-4000248
R-4000249,null,0,0,0,VC-4000249
R-4000250,null,0,0,0,VC-4000250
R-4000251,null,1,0,1,VC-4000251
R-4000252,null,0,0,0,VC-4000252
R-4000253,null,0,0,0,VC-4000253
R-4000254,null,0,0,0,VC-4000254
R-4000255,null,0,0,0,VC-4000255
R-4000256,null,0,0,0,VC-4000256
R-4000257,null,1,0,0,VC-4000257
R-4000258,null,1,0,0,VC-4000258
R-4000259,null,0,0,0,VC-4000259
R-4000260,null,0,0,0,VC-4000260
R-4000261,null,0,0,0,VC-4000261
R-4000262,null,0,0,1,VC-4000262
R-4000263,null,0,0,0,VC-4000263
R-4000264,null,1,0,1,VC-4000264
R-4000265,null,3,2,4,VC-4000265
R-4000266,null,0,0,0,VC-4000266
R-4000267,null,0,0,0,VC-4000267
R-4000268,null,1,0,1,VC-4000268
R-4000269,null,8,3,4,VC-4000269
R-4000270,null,0,0,0,VC-4000270
R-4000271,null,62,7,1,VC-4000271
R-4000272,null,0,0,0,VC-4000272
R-4000273,null,2,1,1,VC-4000273
R-4000274,null,0,0,0,VC-4000274
R-4000275,null,2,1,1,VC-4000275
R-4000276,null,13,1,0,VC-4000276
R-4000277,null,1,0,0,VC-4000277
R-4000278,null,28,13,17,VC-4000278
R-4000279,null,0,0,0,VC-4000279
R-4000280,null,0,0,1,VC-4000280
R-4000281,null,0,0,0,VC-4000281
R-4000282,null,0,0,0,VC-4000282
R-4000283,null,1,1,1,VC-4000283
R-4000284,null,2,1,3,VC-4000284
R-4000285,null,5,2,1,VC-4000285
R-4000286,null,1,0,0,VC-4000286
R-4000287,null,0,0,0,VC-4000287
R-4000288,null,34,10,1,VC-4000288
R-4000289,null,0,0,0,VC-4000289
R-4000290,null,1,0,1,VC-4000290
R-4000291,null,0,0,0,VC-4000291
R-4000292,null,35,0,0,VC-4000292
R-4000293,null,0,0,0,VC-4000293
R-4000294,null,0,0,0,VC-4000294
R-4000295,null,0,0,0,VC-4000295
R-4000296,null,0,0,0,VC-4000296
R-4000297,null,0,0,0,VC-4000297
R-4000298,null,0,0,0,VC-4000298
R-4000299,null,2,0,0,VC-4000299
R-4000300,null,0,0,0,VC-4000300
R-4000301,null,10,8,13,VC-4000301
R-4000302,null,10,6,11,VC-4000302
R-4000303,null,1,0,0,VC-4000303
R-4000304,null,0,0,0,VC-4000304
R-4000305,null,1,0,0,VC-4000305
R-4000306,null,0,0,0,VC-4000306
R-4000307,null,0,0,0,VC-4000307
R-4000308,null,0,0,0,VC-4000308
R-4000309,null,1,0,0,VC-4000309
R-4000310,null,19,16,25,VC-4000310
R-4000311,null,1,0,0,VC-4000311
R-4000312,null,2,1,0,VC-4000312
R-4000313,null,3,1,2,VC-4000313
R-4000314,null,2,1,1,VC-4000314
R-4000315,null,0,0,0,VC-4000315
R-4000316,null,3,1,1,VC-4000316
R-4000317,null,0,0,0,VC-4000317
R-4000318,null,1,0,0,VC-4000318
R-4000319,null,0,0,0,VC-4000319
R-4000320,null,0,0,1,VC-4000320
R-4000321,null,0,0,0,VC-4000321
R-4000322,null,0,0,0,VC-4000322
R-4000323,null,2,0,0,VC-4000323
R-4000324,null,0,0,0,VC-4000324
R-4000325,null,0,0,0,VC-4000325
R-4000326,null,1,0,0,VC-4000326
R-4000327,null,2,0,0,VC-4000327
R-4000328,null,0,0,0,VC-4000328
R-4000329,null,0,0,1,VC-4000329
R-4000330,null,0,0,0,VC-4000330
R-4000331,null,0,0,0,VC-4000331
R-4000332,null,0,0,0,VC-4000332
R-4000333,null,0,0,0,VC-4000333
R-4000334,null,0,0,0,VC-4000334
R-4000335,null,4,1,0,VC-4000335
R-4000336,null,0,0,0,VC-4000336
R-4000337,null,3,1,1,VC-4000337
R-4000338,null,0,0,0,VC-4000338
R-4000339,null,1,1,0,VC-4000339
R-4000340,null,2,1,1,VC-4000340
R-4000341,null,1,0,0,VC-4000341
R-4000342,null,0,0,0,VC-4000342
R-4000343,null,0,0,1,VC-4000343
R-4000344,null,0,0,0,VC-4000344
R-4000345,null,6,0,1,VC-4000345
R-4000346,null,3,1,2,VC-4000346
R-4000347,null,0,0,1,VC-4000347
R-4000348,null,2,1,0,VC-4000348
R-4000349,null,0,0,0,VC-4000349
R-4000350,null,1,1,0,VC-4000350
R-4000351,null,0,0,0,VC-4000351
R-4000352,null,0,0,0,VC-4000352
R-4000353,null,0,0,1,VC-4000353
R-4000354,null,0,0,1,VC-4000354
R-4000355,null,4,1,1,VC-4000355
R-4000356,null,0,0,0,VC-4000356
R-4000357,null,0,0,0,VC-4000357
R-4000358,null,1,0,1,VC-4000358
R-4000359,null,1,0,0,VC-4000359
R-4000360,null,0,0,0,VC-4000360
R-4000361,null,0,0,0,VC-4000361
R-4000362,null,0,0,0,VC-4000362
R-4000363,null,0,0,0,VC-4000363
R-4000364,null,0,0,0,VC-4000364
R-4000365,null,8,6,10,VC-4000365
R-4000366,null,4,4,6,VC-4000366
R-4000367,null,0,0,0,VC-4000367
R-4000368,null,0,0,0,VC-4000368
R-4000369,null,0,0,0,VC-4000369
R-4000370,null,0,0,0,VC-4000370
R-4000371,null,0,0,0,VC-4000371
R-4000372,null,2,0,0,VC-4000372
R-4000373,null,0,0,0,VC-4000373
R-4000374,null,0,0,1,VC-4000374
R-4000375,null,1,0,1,VC-4000375
R-4000376,null,0,0,0,VC-4000376
R-4000377,null,0,0,0,VC-4000377
R-4000378,null,29,17,20,VC-4000378
R-4000379,null,4,1,0,VC-4000379
R-4000380,null,0,0,0,VC-4000380
R-4000381,null,0,0,0,VC-4000381
R-4000382,null,4,1,0,VC-4000382
R-4000383,null,0,0,0,VC-4000383
R-4000384,null,0,0,0,VC-4000384
R-4000385,null,0,0,0,VC-4000385
R-4000386,null,2,0,0,VC-4000386
R-4000387,null,2,0,1,VC-4000387
R-4000388,null,0,1,2,VC-4000388
R-4000389,null,34,11,9,VC-4000389
R-4000390,null,0,0,1,VC-4000390
R-4000391,null,0,0,0,VC-4000391
R-4000392,null,0,0,0,VC-4000392
R-4000393,null,2,1,1,VC-4000393
R-4000394,null,0,0,1,VC-4000394
R-4000395,null,1,0,1,VC-4000395
R-4000396,null,0,0,0,VC-4000396
R-4000397,null,2,1,1,VC-4000397
R-4000398,null,0,0,0,VC-4000398
R-4000399,null,0,0,0,VC-4000399
R-4000400,null,0,0,0,VC-4000400
R-4000401,null,0,0,0,VC-4000401
R-4000402,null,1,0,1,VC-4000402
R-4000403,null,1,0,0,VC-4000403
R-4000404,null,0,0,1,VC-4000404
R-4000405,null,3,0,0,VC-4000405
R-4000406,null,0,0,0,VC-4000406
R-4000407,null,0,0,1,VC-4000407
R-4000408,null,0,0,1,VC-4000408
R-4000409,null,0,0,0,VC-4000409
R-4000410,null,0,0,0,VC-4000410
R-4000411,null,0,0,1,VC-4000411
R-4000412,null,6,0,0,VC-4000412
R-4000413,null,1,0,0,VC-4000413
R-4000414,null,0,0,0,VC-4000414
R-4000415,null,1,0,1,VC-4000415
R-4000416,null,1,0,0,VC-4000416
R-4000417,null,1,0,1,VC-4000417
R-4000418,null,0,0,0,VC-4000418
R-4000419,null,0,0,0,VC-4000419
R-4000420,null,0,0,0,VC-4000420
R-4000421,null,0,0,0,VC-4000421
R-4000422,null,0,0,0,VC-4000422
R-4000423,null,0,1,1,VC-4000423
R-4000424,null,0,0,0,VC-4000424
R-4000425,null,0,0,0,VC-4000425
R-4000426,null,0,0,1,VC-4000426
R-4000427,null,0,0,0,VC-4000427
R-4000428,null,1,0,0,VC-4000428
R-4000429,null,0,0,0,VC-4000429
R-4000430,null,0,0,0,VC-4000430
R-4000431,null,0,0,0,VC-4000431
R-4000432,null,0,0,0,VC-4000432
R-4000433,null,0,0,0,VC-4000433
R-4000434,null,0,0,1,VC-4000434
R-4000435,null,2,0,0,VC-4000435
R-4000436,null,0,0,0,VC-4000436
R-4000437,null,0,0,1,VC-4000437
R-4000438,null,1,0,0,VC-4000438
R-4000439,null,0,0,1,VC-4000439
R-4000440,null,0,0,1,VC-4000440
R-4000441,null,6,2,6,VC-4000441
R-4000442,null,0,0,0,VC-4000442
R-4000443,null,0,0,0,VC-4000443
R-4000444,null,0,0,0,VC-4000444
R-4000445,null,0,0,0,VC-4000445
R-4000446,null,0,0,0,VC-4000446
R-4000447,null,1,0,0,VC-4000447
R-4000448,null,0,0,0,VC-4000448
R-4000449,null,0,0,0,VC-4000449
R-4000450,null,3,1,0,VC-4000450
R-4000451,null,0,0,0,VC-4000451
R-4000452,null,3,2,0,VC-4000452
R-4000453,null,0,0,0,VC-4000453
R-4000454,null,0,0,0,VC-4000454
R-4000455,null,1,0,0,VC-4000455
R-4000456,null,0,0,0,VC-4000456
R-4000457,null,0,0,0,VC-4000457
R-4000458,null,0,0,0,VC-4000458
R-4000459,null,0,0,0,VC-4000459
R-4000460,null,1,0,0,VC-4000460
R-4000461,null,0,0,0,VC-4000461
R-4000462,null,0,0,0,VC-4000462
R-4000463,null,0,0,0,VC-4000463
R-4000464,null,0,0,0,VC-4000464
R-4000465,null,0,0,0,VC-4000465
R-4000466,null,0,0,0,VC-4000466
R-4000467,null,8,5,12,VC-4000467
R-4000468,null,0,0,0,VC-4000468
R-4000469,null,0,0,0,VC-4000469
R-4000470,null,28,14,23,VC-4000470
R-4000471,null,0,0,0,VC-4000471
R-4000472,null,2,0,0,VC-4000472
R-4000473,null,0,0,0,VC-4000473
R-4000474,null,0,0,0,VC-4000474
R-4000475,null,1,0,1,VC-4000475
R-4000476,null,1,0,0,VC-4000476
R-4000477,null,2,1,1,VC-4000477
R-4000478,null,0,0,0,VC-4000478
R-4000479,null,0,1,1,VC-4000479
R-4000480,null,2,1,1,VC-4000480
R-4000481,null,0,1,1,VC-4000481
R-4000482,null,1,0,0,VC-4000482
R-4000483,null,0,0,0,VC-4000483
R-4000484,null,2,1,1,VC-4000484
R-4000485,null,0,0,1,VC-4000485
R-4000486,null,0,0,0,VC-4000486
R-4000487,null,0,0,0,VC-4000487
R-4000488,null,16,8,17,VC-4000488
R-4000489,null,0,0,0,VC-4000489
R-4000490,null,1,0,0,VC-4000490
R-4000491,null,1,0,0,VC-4000491
R-4000492,null,5,2,3,VC-4000492
R-4000493,null,0,0,0,VC-4000493
R-4000494,null,0,0,0,VC-4000494
R-4000495,null,0,0,0,VC-4000495
R-4000496,null,0,0,0,VC-4000496
R-4000497,null,0,0,0,VC-4000497
R-4000498,null,0,0,0,VC-4000498
R-4000499,null,1,1,1,VC-4000499
