ID,EF,Wind Speed (mph),Diameter (m),Warning Time,Start Time,End Time,Path,Path Length (mi.),Deaths,Permanent Injuries,Less Severe Injuries,Buildings Destroyed
T-1000000,5,210,349,"Oct. 14, 2001 - 21:31:39","Oct. 14, 2001 - 22:51:15","Oct. 14, 2001 - 23:07:15","0.128622, 28.064016 -> -12.80861, 28.861846",9.28,4871,108170,145111,29053
T-1000001,2,118,139,"Nov. 1, 1866 - 16:44:02","Nov. 1, 1866 - 17:10:03","Nov. 1, 1866 - 18:35:03","63.395272, -66.74872 -> 53.660423, -103.777222 -> 64.865253, -89.368704",8.52,327,2418,10315,2943
T-1000002,0,65,89,"Aug. 8, 1894 - 18:23:13","Aug. 8, 1894 - 19:24:46","Aug. 8, 1894 - 19:59:46","24.81543, 11.027662 -> 20.09873, -0.415783",17.29,46,0,1201,399
T-1000003,1,107,144,"May 31, 1867 - 16:04:24","May 31, 1867 - 17:26:02","May 31, 1867 - 17:28:02","-5.560421, -63.309478 -> -8.166916, -46.393383",10.3,210,0,4612,1433
T-1000004,4,168,241,"Aug. 14, 1964 - 10:22:14","Aug. 14, 1964 - 11:26:29","Aug. 14, 1964 - 11:30:29","-10.537109, -57.650628 -> -3.448714, -67.061083",10.8,22769,567165,906123,163986
T-1000005,4,180,254,"Aug. 25, 1983 - 05:02:28","Aug. 25, 1983 - 05:56:11","Aug. 25, 1983 - 06:48:11","46.895281, 69.31744",8.37,208,5379,7807,1736
T-1000006,2,125,114,"May 19, 1927 - 18:24:30","May 19, 1927 - 19:11:22","May 19, 1927 - 20:00:22","-40.2716, -66.588449",3.56,245,1288,7391,1993
T-1000007,5,248,254,"Mar. 17, 1927 - 04:06:29","Mar. 17, 1927 - 04:45:17","Mar. 17, 1927 - 06:09:17","30.511148, 40.93672 -> 20.940148, 44.079903",16.9,712,17726,23007,6084
T-1000008,3,160,236,"Sep. 24, 1938 - 01:34:49","Sep. 24, 1938 - 02:16:35","Sep. 24, 1938 - 03:09:35","-30.269749, -55.943533 -> -41.507196, -55.833383",17.13,139,794,2787,868
T-1000009,5,293,322,"Nov. 15, 1969 - 09:30:07","Nov. 15, 1969 - 09:48:47","Nov. 15, 1969 - 11:10:47","65.998527, 98.262837",2.86,15616,453056,518105,144014
T-1000010,2,129,121,"Oct. 28, 1900 - 19:29:03","Oct. 28, 1900 - 19:34:54","Oct. 28, 1900 - 20:29:54","35.110973, -87.933488 -> 46.144994, -110.873449",12.21,585,3426,16499,3900
T-1000011,2,123,119,"Sep. 27, 1878 - 00:12:26","Sep. 27, 1878 - 00:50:26","Sep. 27, 1878 - 01:49:26","44.685519, -103.452499 -> 45.200731, -78.017417",18.77,798,5477,30831,5818
T-1000012,3,160,225,"Dec. 20, 2004 - 14:33:42","Dec. 20, 2004 - 15:13:30","Dec. 20, 2004 - 15:42:30","50.40094, 85.492675 -> 53.715022, 77.210238",16.94,699,4752,23753,6940
T-1000013,0,85,64,"Feb. 18, 2003 - 16:30:31","Feb. 18, 2003 - 17:50:20","Feb. 18, 2003 - 18:04:20","29.398658, 97.081714 -> 21.946315, 91.676232",0.73,1622,0,39447,12579
T-1000014,0,70,60,"Nov. 29, 1953 - 08:43:01","Nov. 29, 1953 - 09:55:49","Nov. 29, 1953 - 10:23:49","-23.040932, -67.433506",3.03,7,0,213,64
T-1000015,5,262,277,"Apr. 1, 1896 - 12:53:57","Apr. 1, 1896 - 14:07:49","Apr. 1, 1896 - 14:30:49","71.170955, -52.380489",9.08,16,520,632,135
T-1000016,3,165,223,"Aug. 17, 1962 - 07:02:32","Aug. 17, 1962 - 08:03:57","Aug. 17, 1962 - 08:43:57","62.082621, -39.138819",9.57,3,26,161,27
T-1000017,2,116,121,"Sep. 21, 1909 - 00:03:06","Sep. 21, 1909 - 01:13:55","Sep. 21, 1909 - 02:41:55","51.25262, 75.686957 -> 51.766701, 68.139164",12.48,485,2630,14833,3559
T-1000018,4,185,250,"Sep. 8, 1935 - 23:00:17","Sep. 8, 1935 - 23:21:51","Sep. 8, 1935 - 23:28:51","20.239431, 52.886339",2.27,4725,139835,203561,49002
T-1000019,3,150,214,"Jan. 31, 1875 - 00:29:22","Jan. 31, 1875 - 01:11:40","Jan. 31, 1875 - 02:15:40","2.319774, -35.755333 -> 3.498757, -47.189318",8.67,945,5016,25492,6443
T-1000020,5,223,317,"Apr. 4, 2006 - 20:45:43","Apr. 4, 2006 - 21:52:34","Apr. 4, 2006 - 22:22:34","-36.814503, 125.104076 -> -20.855289, 122.600167",1.06,409,8903,13976,3715
T-1000021,1,107,62,"Jul. 28, 1876 - 06:57:01","Jul. 28, 1876 - 07:50:49","Jul. 28, 1876 - 09:10:49","52.029595, 73.549737",7.88,11,0,290,104
T-1000022,2,114,168,"Nov. 11, 1992 - 18:45:38","Nov. 11, 1992 - 19:24:14","Nov. 11, 1992 - 19:55:14","17.486289, -105.197551 -> 17.220382, -109.190077",16.04,241,1241,6786,1655
T-1000023,1,103,150,"Aug. 17, 1886 - 02:01:15","Aug. 17, 1886 - 02:17:07","Aug. 17, 1886 - 02:55:07","20.098947, -5.545178",8.39,17,0,516,128
T-1000024,0,74,39,"Dec. 18, 2007 - 18:34:06","Dec. 18, 2007 - 19:35:56","Dec. 18, 2007 - 19:48:56","35.396054, 114.895679",3.9,98,0,2272,999
T-1000025,1,104,149,"Dec. 25, 1985 - 16:59:11","Dec. 25, 1985 - 17:14:32","Dec. 25, 1985 - 17:39:32","0.076483, 120.932367",5.1,53,0,1688,425
T-1000026,0,72,22,"Dec. 13, 2005 - 06:19:35","Dec. 13, 2005 - 06:52:30","Dec. 13, 2005 - 07:17:30","70.800559, -39.719596",4.76,0,0,4,1
T-1000027,2,123,129,"Oct. 11, 1997 - 18:08:28","Oct. 11, 1997 - 19:29:07","Oct. 11, 1997 - 19:50:07","-12.009637, -71.093642",9.63,624,3761,26365,6384
T-1000028,2,126,194,"Jul. 26, 1911 - 13:54:14","Jul. 26, 1911 - 14:34:02","Jul. 26, 1911 - 15:19:02","-28.858244, 124.510703",7.36,118,800,4012,1091
T-1000029,2,120,158,"Feb. 27, 1944 - 06:58:26","Feb. 27, 1944 - 07:08:17","Feb. 27, 1944 - 07:57:17","78.505026, -35.455794",5.18,19,108,644,156
T-1000030,4,166,205,"Sep. 28, 1892 - 08:52:59","Sep. 28, 1892 - 09:27:00","Sep. 28, 1892 - 09:38:00","64.368509, -124.708943",7.96,222,5451,8517,1869
T-1000031,4,176,291,"May 22, 1890 - 02:29:29","May 22, 1890 - 03:13:31","May 22, 1890 - 03:14:31","24.648912, -112.329604",5.46,853,20556,24495,5307
T-1000032,3,158,162,"Apr. 6, 1909 - 09:37:31","Apr. 6, 1909 - 09:53:46","Apr. 6, 1909 - 11:32:46","34.035939, 110.109761 -> 37.210594, 103.995611",16.01,21065,137791,898156,185082
T-1000033,0,80,34,"Feb. 16, 1908 - 15:11:43","Feb. 16, 1908 - 16:13:47","Feb. 16, 1908 - 16:26:47","23.746525, 90.09954 -> 36.188321, 108.989031",8.21,4802,0,120139,35432
T-1000034,0,76,74,"Mar. 14, 1966 - 14:50:18","Mar. 14, 1966 - 16:13:10","Mar. 14, 1966 - 17:34:10","61.908616, 155.536284",1.76,66,0,1490,474
T-1000035,1,89,109,"Apr. 6, 1873 - 02:49:14","Apr. 6, 1873 - 03:04:05","Apr. 6, 1873 - 03:12:05","-3.182901, 19.889211 -> -10.625615, 16.549052",5.45,202,0,4247,1341
T-1000036,0,83,68,"Dec. 25, 1915 - 09:52:07","Dec. 25, 1915 - 10:20:15","Dec. 25, 1915 - 10:41:15","-6.789924, -58.378011",7.64,246,0,8800,2309
T-1000037,3,144,192,"Apr. 19, 1995 - 04:38:12","Apr. 19, 1995 - 04:52:25","Apr. 19, 1995 - 05:38:25","2.749083, 15.04684",8.88,127,853,3992,1083
T-1000038,1,98,99,"May 18, 1926 - 03:02:30","May 18, 1926 - 03:26:59","May 18, 1926 - 04:16:59","46.73066, 53.71343 -> 50.074604, 54.370702 -> 49.556406, 51.881401",7.79,183,0,4225,1257
T-1000039,2,123,194,"Mar. 31, 1913 - 15:18:26","Mar. 31, 1913 - 15:33:01","Mar. 31, 1913 - 16:46:01","53.759908, 78.058754 -> 46.451176, 82.659558 -> 44.133241, 72.901071 -> 50.768119, 69.772629",14.63,2208,14643,51018,16556
T-1000040,4,168,200,"Jul. 8, 1927 - 03:12:54","Jul. 8, 1927 - 04:15:18","Jul. 8, 1927 - 05:03:18","-6.865509, -71.490689 -> -14.391257, -64.55895",15.97,12120,248195,407550,96605
T-1000041,2,121,177,"Feb. 17, 1937 - 03:04:26","Feb. 17, 1937 - 03:49:42","Feb. 17, 1937 - 05:19:42","27.586087, 89.716754 -> 23.808051, 97.875175 -> 26.649523, 110.104165",17.54,3891,24009,107099,24411
T-1000042,2,134,195,"Jan. 19, 2019 - 13:54:05","Jan. 19, 2019 - 14:08:11","Jan. 19, 2019 - 15:20:11","62.487863, -48.735532 -> 71.945471, -24.464032 -> 78.53798, -46.583854 -> 67.905171, -36.139376 -> 74.179383, -25.07636 -> 65.00081, -41.091141",52.43,27,169,880,234
T-1000043,0,78,82,"Jul. 11, 1969 - 00:52:24","Jul. 11, 1969 - 00:59:50","Jul. 11, 1969 - 01:18:50","22.187855, -1.311924 -> 35.609027, -7.173321",4.36,56,0,1798,605
T-1000044,4,183,246,"Dec. 18, 1983 - 02:14:51","Dec. 18, 1983 - 02:53:32","Dec. 18, 1983 - 04:39:32","-26.40675, 128.727645 -> -11.398972, 146.783829 -> -28.059681, 118.49534",17.97,1697,37593,49917,12762
T-1000045,5,212,280,"Aug. 10, 1997 - 23:04:08","Aug. 10, 1997 - 23:53:33","Aug. 11, 1997 - 00:49:33","19.936634, -3.909803",7.62,607,17544,26726,5872
T-1000046,0,76,56,"Dec. 24, 1984 - 04:39:51","Dec. 24, 1984 - 04:55:53","Dec. 24, 1984 - 05:01:53","-23.493064, 114.351844 -> -37.89599, 146.693988",6.48,48,0,1011,352
T-1000047,0,77,35,"Jul. 16, 2011 - 05:06:53","Jul. 16, 2011 - 05:34:34","Jul. 16, 2011 - 06:42:34","62.34868, -53.289451",8.48,0,0,4,1
T-1000048,2,121,153,"Jul. 30, 2015 - 08:19:54","Jul. 30, 2015 - 09:34:04","Jul. 30, 2015 - 10:28:04","-21.476145, 142.028406 -> -16.4795, 152.688536",10.26,90,569,2812,670
T-1000049,2,127,174,"May 9, 1937 - 02:21:44","May 9, 1937 - 03:49:48","May 9, 1937 - 04:19:48","80.109106, -44.255768",3.58,10,69,360,85
T-1000050,2,120,175,"Aug. 5, 1947 - 12:59:04","Aug. 5, 1947 - 13:34:57","Aug. 5, 1947 - 14:14:57","58.265013, -81.071582 -> 60.474491, -107.534277",3.11,429,3148,10653,3799
T-1000051,3,146,162,"Oct. 7, 2013 - 13:39:24","Oct. 7, 2013 - 14:29:06","Oct. 7, 2013 - 14:40:06","28.020819, 106.44492",7.06,451,3638,14086,4402
T-1000052,4,188,278,"Dec. 20, 1964 - 01:16:31","Dec. 20, 1964 - 01:50:10","Dec. 20, 1964 - 03:49:10","-0.842151, -38.606137 -> -9.74394, -35.198686",1.4,2547,62855,91583,18104
T-1000053,4,192,231,"Feb. 9, 1902 - 03:48:44","Feb. 9, 1902 - 04:02:49","Feb. 9, 1902 - 04:22:49","-21.664508, 134.057632 -> -36.139593, 129.11503",2.18,641,15239,22224,4742
T-1000054,0,71,92,"Apr. 11, 1975 - 13:16:50","Apr. 11, 1975 - 14:21:42","Apr. 11, 1975 - 15:29:42","-36.276556, -61.112943",4.19,5,0,119,50
T-1000055,5,214,260,"Dec. 8, 1985 - 06:09:41","Dec. 8, 1985 - 06:38:08","Dec. 8, 1985 - 07:02:08","40.810821, -111.658911 -> 47.534721, -110.903212",10.74,1437,33523,43043,10050
T-1000056,4,180,288,"Feb. 12, 1978 - 09:20:15","Feb. 12, 1978 - 10:47:58","Feb. 12, 1978 - 11:53:58","-1.727535, -46.081023",7.7,6734,169791,267859,53757
T-1000057,5,221,271,"Mar. 25, 1984 - 10:22:07","Mar. 25, 1984 - 11:07:32","Mar. 25, 1984 - 11:37:32","60.047392, -103.29114 -> 63.192889, -95.813377",6.94,3731,101433,125787,37096
T-1000058,5,272,315,"Mar. 14, 1967 - 00:08:36","Mar. 14, 1967 - 00:25:15","Mar. 14, 1967 - 00:50:15","49.135926, -109.26033",3.74,558,13335,17858,5138
T-1000059,4,186,272,"Jul. 3, 1934 - 20:56:15","Jul. 3, 1934 - 21:02:22","Jul. 3, 1934 - 21:28:22","40.659031, -122.191256",4.16,729,15676,20408,4964
T-1000060,2,124,144,"Jun. 10, 1950 - 14:04:25","Jun. 10, 1950 - 14:23:00","Jun. 10, 1950 - 15:14:00","49.737106, 57.226227 -> 52.78805, 65.010488",3.28,379,2285,7319,2895
T-1000061,2,119,151,"May 7, 1961 - 01:34:46","May 7, 1961 - 02:04:32","May 7, 1961 - 02:44:32","40.323604, -116.235234",7.86,201,1151,7654,1492
T-1000062,2,124,176,"Sep. 22, 1971 - 13:28:26","Sep. 22, 1971 - 13:43:30","Sep. 22, 1971 - 14:35:30","76.913521, 107.686083 -> 60.551842, 130.092929",2.8,1170,6267,38453,10280
T-1000063,2,115,157,"Dec. 30, 1967 - 06:28:02","Dec. 30, 1967 - 06:34:28","Dec. 30, 1967 - 07:44:28","25.401269, 71.922649 -> 15.327818, 83.52585 -> 27.861167, 74.514917 -> 21.319658, 69.919451 -> 9.173114, 83.950487",11.15,5036,36755,162004,36247
T-1000064,0,82,84,"Jul. 5, 1983 - 13:09:24","Jul. 5, 1983 - 14:24:55","Jul. 5, 1983 - 15:26:55","62.945061, -43.301703 -> 65.605793, -37.168946",7.32,0,0,9,2
T-1000065,2,131,169,"Jul. 18, 1990 - 08:45:09","Jul. 18, 1990 - 09:53:56","Jul. 18, 1990 - 09:59:56","-25.093372, 148.808902",8.24,51,358,1311,402
T-1000066,0,74,99,"Mar. 11, 1924 - 01:19:10","Mar. 11, 1924 - 02:00:44","Mar. 11, 1924 - 02:21:44","36.906031, 112.163355 -> 36.865391, 99.276597",2.03,1435,0,33473,12416
T-1000067,4,182,251,"May 28, 1969 - 05:31:04","May 28, 1969 - 06:01:50","May 28, 1969 - 06:08:50","69.202664, 138.363407 -> 63.484796, 127.118554",6.96,2316,66034,104492,19322
T-1000068,4,194,217,"Jul. 19, 1982 - 17:59:05","Jul. 19, 1982 - 19:24:08","Jul. 19, 1982 - 20:10:08","-35.539667, -63.059378",3.84,2184,44933,55437,13759
T-1000069,0,74,40,"Aug. 22, 1887 - 03:24:37","Aug. 22, 1887 - 04:50:29","Aug. 22, 1887 - 05:42:29","-36.927944, -66.453226 -> -29.259638, -66.321741",0.65,51,0,1050,398
T-1000070,3,146,236,"Dec. 30, 1892 - 15:01:02","Dec. 30, 1892 - 15:06:48","Dec. 30, 1892 - 15:55:48","26.585497, -91.518645 -> 30.122399, -108.596906",15.25,229,1847,8045,2042
T-1000071,3,162,172,"Nov. 28, 2002 - 15:09:11","Nov. 28, 2002 - 16:29:10","Nov. 28, 2002 - 16:32:10","-2.937416, 21.531752",6.53,1587,14346,71820,15364
T-1000072,4,182,244,"Nov. 15, 1940 - 04:19:50","Nov. 15, 1940 - 05:00:34","Nov. 15, 1940 - 05:41:34","29.365489, 87.799694 -> 38.393796, 105.757155",6.76,9109,219085,261845,66398
T-1000073,2,113,114,"Aug. 22, 1992 - 07:44:08","Aug. 22, 1992 - 09:13:29","Aug. 22, 1992 - 09:35:29","21.307743, 73.965128",5.56,1727,8603,42540,12538
T-1000074,4,168,206,"May 16, 1972 - 21:01:19","May 16, 1972 - 21:28:02","May 16, 1972 - 22:16:02","67.663897, -136.009355 -> 53.733002, -122.382239",14.13,9982,246144,306827,82540
T-1000075,2,135,131,"Aug. 23, 1981 - 23:44:27","Aug. 24, 1981 - 00:21:33","Aug. 24, 1981 - 01:39:33","25.011522, 48.101011",1.59,145,1072,3408,1227
T-1000076,4,169,241,"Feb. 18, 1976 - 22:59:09","Feb. 18, 1976 - 23:47:07","Feb. 19, 1976 - 00:02:07","28.734786, -88.778582 -> 21.898447, -95.748338",16.65,734,19881,30714,6848
T-1000077,3,153,238,"Jun. 22, 1966 - 03:45:15","Jun. 22, 1966 - 04:13:42","Jun. 22, 1966 - 04:17:42","3.296318, 113.114896 -> 1.010267, 97.547371",12.59,300,1452,8358,2348
T-1000078,2,127,177,"Sep. 9, 1906 - 15:02:24","Sep. 9, 1906 - 15:51:32","Sep. 9, 1906 - 16:04:32","-10.406888, -57.029438",5.98,6111,33859,189188,49636
T-1000079,2,122,160,"Dec. 19, 1998 - 19:22:53","Dec. 19, 1998 - 19:54:20","Dec. 19, 1998 - 20:08:20","62.091712, 114.716415",3.14,528,3844,16036,3969
T-1000080,3,162,153,"Oct. 2, 2014 - 15:40:01","Oct. 2, 2014 - 16:24:44","Oct. 2, 2014 - 17:39:44","-0.200891, 25.715543 -> -1.27767, 19.099073",6.93,638,3587,13175,4408
T-1000081,0,76,52,"Jun. 29, 1984 - 11:39:04","Jun. 29, 1984 - 12:24:46","Jun. 29, 1984 - 12:49:46","58.385281, 98.409831 -> 57.61731, 166.422796",19.67,138,0,3918,1008
T-1000082,5,282,273,"Dec. 5, 1964 - 19:46:40","Dec. 5, 1964 - 20:38:09","Dec. 5, 1964 - 21:19:09","55.464859, 62.652219",6.67,84,2318,2865,828
T-1000083,0,66,82,"Aug. 31, 1986 - 09:01:32","Aug. 31, 1986 - 09:23:22","Aug. 31, 1986 - 09:51:22","64.213984, -95.332563 -> 69.058481, -122.395126",0.88,70,0,2085,735
T-1000084,5,285,327,"Oct. 26, 1903 - 07:12:04","Oct. 26, 1903 - 07:23:09","Oct. 26, 1903 - 08:37:09","48.574165, 58.728923 -> 41.932598, 57.239896",16.83,1679,42034,60705,13680
T-1000085,0,66,92,"May 5, 2013 - 21:05:54","May 5, 2013 - 21:40:44","May 5, 2013 - 21:49:44","54.482912, 74.450557",0.59,10,0,215,84
T-1000086,5,230,333,"Jun. 3, 1871 - 07:05:26","Jun. 3, 1871 - 07:25:32","Jun. 3, 1871 - 08:13:32","19.895347, 37.84235",5.52,44658,908489,1502414,340551
T-1000087,0,79,55,"Jan. 31, 1992 - 17:39:21","Jan. 31, 1992 - 18:22:45","Jan. 31, 1992 - 18:47:45","29.417389, 117.151072 -> 30.890544, 113.636826",4.35,280,0,8842,2573
T-1000088,0,77,43,"Mar. 31, 2011 - 07:05:53","Mar. 31, 2011 - 08:01:15","Mar. 31, 2011 - 08:08:15","22.817599, 95.893858",4.44,110,0,3219,872
T-1000089,5,292,305,"Oct. 12, 2016 - 04:15:47","Oct. 12, 2016 - 05:37:40","Oct. 12, 2016 - 06:31:40","37.517466, 104.269013",0.94,4724,100485,120767,37662
T-1000090,0,77,57,"May 27, 1944 - 18:35:11","May 27, 1944 - 19:05:03","May 27, 1944 - 20:01:03","0.817869, 119.899616 -> 2.679704, 102.77659",16.91,1345,0,38428,10926
T-1000091,3,142,188,"Sep. 7, 1995 - 17:26:25","Sep. 7, 1995 - 17:39:12","Sep. 7, 1995 - 18:01:12","49.906689, 52.469375 -> 53.336199, 48.025648",13.94,96,753,2865,713
T-1000092,5,256,260,"Nov. 11, 1872 - 02:43:01","Nov. 11, 1872 - 03:02:07","Nov. 11, 1872 - 03:24:07","22.574589, 7.743532",9.18,1243,26995,44104,8159
T-1000093,1,97,60,"Jul. 13, 1892 - 20:12:04","Jul. 13, 1892 - 21:02:40","Jul. 13, 1892 - 21:06:40","-33.251843, -68.396873",4.59,17,0,312,126
T-1000094,0,84,86,"Jun. 28, 1995 - 10:26:35","Jun. 28, 1995 - 11:36:47","Jun. 28, 1995 - 12:02:47","-19.037969, 136.791978",3.96,32,0,740,230
T-1000095,4,177,297,"Dec. 18, 1869 - 18:20:08","Dec. 18, 1869 - 19:24:16","Dec. 18, 1869 - 19:25:16","-23.305614, 121.639281",0.35,313,6323,9097,2529
T-1000096,5,202,336,"Dec. 4, 2016 - 08:38:32","Dec. 4, 2016 - 09:35:08","Dec. 4, 2016 - 09:52:08","-18.068005, 131.220292",9.75,258,6783,11791,2544
T-1000097,3,155,244,"Apr. 9, 1907 - 14:14:16","Apr. 9, 1907 - 14:30:39","Apr. 9, 1907 - 14:37:39","-16.974597, -51.378134 -> -3.538452, -47.651361",3.72,3719,23848,146686,32745
T-1000098,2,115,180,"Sep. 7, 1958 - 15:51:35","Sep. 7, 1958 - 16:56:03","Sep. 7, 1958 - 17:53:03","-12.993157, 22.734293 -> 3.57346, 14.307121",16.26,318,2146,7415,2607
T-1000099,5,278,344,"Jun. 30, 1905 - 21:59:16","Jun. 30, 1905 - 22:11:30","Jun. 30, 1905 - 22:30:30","-12.471272, 136.839717",1.86,290,7183,10622,2407
T-1000100,0,85,55,"Feb. 4, 1922 - 20:21:33","Feb. 4, 1922 - 20:28:31","Feb. 4, 1922 - 20:46:31","67.486556, 106.275066 -> 63.905685, 174.765441",9.02,1258,0,30652,9292
T-1000101,4,199,287,"Oct. 29, 1983 - 18:01:53","Oct. 29, 1983 - 19:26:37","Oct. 29, 1983 - 20:03:37","-4.79114, 28.513877",5.7,705,16426,23352,5126
T-1000102,3,153,171,"May 1, 1942 - 08:19:05","May 1, 1942 - 08:53:05","May 1, 1942 - 10:04:05","38.804675, -115.271829 -> 41.502128, -98.318898",10.62,2115,14239,52285,15686
T-1000103,4,174,291,"Aug. 17, 1929 - 16:50:43","Aug. 17, 1929 - 16:59:46","Aug. 17, 1929 - 18:08:46","-23.670667, 125.416763 -> -17.183434, 148.859233",8.43,423,12796,18840,4052
T-1000104,3,144,220,"Jun. 19, 1870 - 23:55:17","Jun. 20, 1870 - 00:09:02","Jun. 20, 1870 - 01:01:02","32.901552, -117.699243",0.32,8940,43996,297686,61255
T-1000105,4,190,219,"Oct. 16, 1985 - 07:25:09","Oct. 16, 1985 - 08:53:15","Oct. 16, 1985 - 08:55:15","27.802065, 41.436249 -> 20.861995, 46.890191",4.46,206,4882,8468,1896
T-1000106,3,153,201,"Oct. 11, 1906 - 01:44:59","Oct. 11, 1906 - 01:55:47","Oct. 11, 1906 - 03:18:47","4.477353, 123.885076 -> -8.257634, 125.069673 -> 7.288697, 96.132119 -> 3.725975, 113.399243",25.49,930,6248,28373,7054
T-1000107,5,298,332,"Nov. 5, 1876 - 08:36:26","Nov. 5, 1876 - 08:44:28","Nov. 5, 1876 - 08:54:28","-2.024291, 97.550528",4.95,2088,42870,81915,14374
T-1000108,3,144,230,"Jul. 5, 1912 - 08:30:34","Jul. 5, 1912 - 09:54:26","Jul. 5, 1912 - 10:34:26","18.48471, 43.253258",3.71,22,196,768,239
T-1000109,3,140,194,"Nov. 2, 1926 - 17:02:05","Nov. 2, 1926 - 17:34:07","Nov. 2, 1926 - 18:58:07","1.94411, 110.835254 -> -5.914232, 129.673274",11.06,716,4698,16258,4516
T-1000110,0,75,26,"Feb. 10, 2004 - 20:56:13","Feb. 10, 2004 - 22:01:42","Feb. 10, 2004 - 23:17:42","32.646097, 88.909491",4.82,178,0,4195,1504
T-1000111,1,96,117,"Jan. 17, 1992 - 10:33:12","Jan. 17, 1992 - 10:51:11","Jan. 17, 1992 - 11:22:11","-37.943426, -59.98632",9.6,7,0,194,70
T-1000112,2,113,107,"May 1, 2000 - 23:14:34","May 1, 2000 - 23:47:32","May 2, 2000 - 00:27:32","38.33406, 116.948458 -> 33.730466, 102.469139",1.54,13644,71792,389128,86910
T-1000113,3,136,198,"Jan. 15, 1941 - 16:03:17","Jan. 15, 1941 - 16:29:21","Jan. 15, 1941 - 16:59:21","-16.157552, -44.343419 -> 2.311465, -64.149998",7.7,713,3872,20257,4929
T-1000114,5,297,261,"Sep. 15, 1955 - 05:23:48","Sep. 15, 1955 - 06:25:08","Sep. 15, 1955 - 06:50:08","-28.308553, 144.555798",8.23,197,4920,7745,1824
T-1000115,3,144,167,"Dec. 24, 1976 - 22:18:17","Dec. 24, 1976 - 23:00:55","Dec. 24, 1976 - 23:21:55","34.979334, -4.947124 -> 34.760069, -5.437933",18.08,243,1518,9618,1970
T-1000116,4,172,207,"Jul. 20, 1938 - 01:58:47","Jul. 20, 1938 - 02:28:39","Jul. 20, 1938 - 04:07:39","21.369183, -109.308578 -> 18.302444, -105.295866 -> 23.282829, -92.79802",19.97,5240,121727,138520,36162
T-1000117,1,110,78,"Feb. 15, 1971 - 16:17:54","Feb. 15, 1971 - 16:46:10","Feb. 15, 1971 - 16:53:10","40.747156, -106.728695",4.45,190,0,4335,1464
T-1000118,3,148,229,"Dec. 3, 1997 - 09:40:55","Dec. 3, 1997 - 10:11:29","Dec. 3, 1997 - 10:37:29","70.762053, -53.416861 -> 78.934604, -35.317211",16.7,19,127,682,180
T-1000119,4,186,237,"Aug. 1, 1996 - 19:41:32","Aug. 1, 1996 - 20:33:02","Aug. 1, 1996 - 20:48:02","-28.518578, 130.745564 -> -12.20187, 126.400855",15.8,341,7176,11567,3025
T-1000120,0,75,62,"Nov. 12, 1944 - 05:18:23","Nov. 12, 1944 - 05:24:34","Nov. 12, 1944 - 05:54:34","62.753727, -59.576115 -> 55.393617, -136.100854",5.56,80,0,1725,696
T-1000121,2,120,106,"Sep. 17, 1915 - 18:25:39","Sep. 17, 1915 - 19:26:42","Sep. 17, 1915 - 19:37:42","20.2138, -112.970096",4.8,800,4575,18176,6088
T-1000122,4,171,294,"Dec. 23, 1967 - 04:01:53","Dec. 23, 1967 - 05:29:11","Dec. 23, 1967 - 05:31:11","76.002924, -28.206264 -> 61.323544, -50.847927",7.1,4,100,126,33
T-1000123,0,78,13,"Dec. 19, 1982 - 22:25:24","Dec. 19, 1982 - 22:58:17","Dec. 19, 1982 - 23:07:17","80.320873, -51.309311",8.42,0,0,2,0
T-1000124,5,206,259,"Mar. 17, 1909 - 23:16:16","Mar. 17, 1909 - 23:39:41","Mar. 17, 1909 - 23:46:41","56.895903, 170.342461",9.48,8560,236227,376030,76862
T-1000125,5,233,313,"Mar. 28, 1972 - 06:39:51","Mar. 28, 1972 - 08:05:34","Mar. 28, 1972 - 08:27:34","-15.296868, 114.953734",2.99,167,4099,4246,1140
T-1000126,0,82,37,"Sep. 9, 1871 - 14:36:06","Sep. 9, 1871 - 15:19:20","Sep. 9, 1871 - 15:38:20","41.572629, -107.406234",5.95,61,0,1548,450
T-1000127,0,78,81,"Mar. 16, 1985 - 12:39:02","Mar. 16, 1985 - 14:04:46","Mar. 16, 1985 - 14:39:46","-6.221443, 14.186024 -> 2.443004, 16.467377",16.64,128,0,3777,1069
T-1000128,0,83,86,"Apr. 16, 1920 - 22:32:18","Apr. 16, 1920 - 23:01:04","Apr. 16, 1920 - 23:21:04","19.608526, -105.238871 -> 29.556612, -103.916469",11.13,75,0,2105,744
T-1000129,0,67,34,"Dec. 12, 1978 - 06:38:46","Dec. 12, 1978 - 07:53:15","Dec. 12, 1978 - 08:18:15","5.74121, 118.336109 -> 4.174502, 119.750453",5.1,219,0,4276,1362
T-1000130,5,217,337,"Apr. 26, 2001 - 01:43:50","Apr. 26, 2001 - 01:48:54","Apr. 26, 2001 - 03:26:54","-1.458208, 114.677127 -> -7.42892, 106.866195 -> -8.267726, 139.964504 -> -8.777117, 98.782813",19.96,58880,1393526,2008389,543416
T-1000131,1,94,91,"Apr. 21, 1962 - 21:11:15","Apr. 21, 1962 - 21:39:46","Apr. 21, 1962 - 22:27:46","-36.970964, -60.821054",9.13,8,0,177,48
T-1000132,4,188,210,"Aug. 6, 1925 - 21:55:58","Aug. 6, 1925 - 22:24:30","Aug. 6, 1925 - 22:32:30","52.901013, 51.425858 -> 49.486967, 64.045122",3.48,219,5935,6727,1609
T-1000133,3,164,224,"Mar. 15, 1918 - 07:25:40","Mar. 15, 1918 - 07:47:36","Mar. 15, 1918 - 09:03:36","2.970613, -47.762775 -> 0.437422, -58.163679",12.67,1095,6580,24589,8872
T-1000134,4,190,233,"Nov. 21, 1920 - 13:31:58","Nov. 21, 1920 - 14:16:56","Nov. 21, 1920 - 14:17:56","2.378505, 12.982365",4.47,480,12660,15156,3350
T-1000135,0,74,5,"Oct. 31, 1962 - 22:15:07","Oct. 31, 1962 - 23:37:27","Oct. 31, 1962 - 23:53:27","69.500078, -103.756283",5.66,18,0,372,148
T-1000136,5,276,287,"Sep. 28, 1886 - 18:56:50","Sep. 28, 1886 - 19:07:58","Sep. 28, 1886 - 19:23:58","37.418318, 104.517477 -> 26.52844, 91.140016",9.31,16588,443402,548115,142955
T-1000137,5,261,286,"Apr. 9, 1918 - 19:58:24","Apr. 9, 1918 - 20:11:16","Apr. 9, 1918 - 20:42:16","31.682087, 0.785135 -> 29.526465, -0.540376",4.29,2352,60022,71708,20494
T-1000138,5,270,318,"May 28, 1958 - 05:56:43","May 28, 1958 - 06:16:12","May 28, 1958 - 07:17:12","35.395553, -95.07789",6.8,640,13588,21135,5202
T-1000139,3,147,174,"Feb. 11, 1963 - 04:27:30","Feb. 11, 1963 - 05:22:46","Feb. 11, 1963 - 06:06:46","20.675796, -6.388835 -> 22.271969, -2.372197",2.04,3283,23598,81277,27037
T-1000140,4,199,251,"May 12, 1947 - 19:29:12","May 12, 1947 - 20:48:28","May 12, 1947 - 20:54:28","-20.505723, -49.60429 -> -11.162763, -59.441275",17.06,11970,269428,400184,77063
T-1000141,4,187,262,"Sep. 3, 1933 - 18:14:28","Sep. 3, 1933 - 19:31:08","Sep. 3, 1933 - 20:19:08","-48.219581, -57.330719",8.85,747,17536,19488,6248
T-1000142,3,158,248,"Sep. 8, 1907 - 20:10:43","Sep. 8, 1907 - 21:35:40","Sep. 8, 1907 - 22:06:40","-13.210354, 26.70072",4.32,677,4219,23889,4509
T-1000143,2,114,173,"Jun. 13, 1945 - 08:06:16","Jun. 13, 1945 - 08:38:23","Jun. 13, 1945 - 09:39:23","22.730435, 108.036993 -> 30.639355, 103.513445",10.01,28259,169242,638657,249411
T-1000144,4,190,281,"Apr. 1, 2000 - 00:27:15","Apr. 1, 2000 - 01:44:31","Apr. 1, 2000 - 01:49:31","42.288917, 63.444299",4.72,84,2486,3773,715
T-1000145,2,130,144,"Sep. 24, 1916 - 11:40:37","Sep. 24, 1916 - 12:27:20","Sep. 24, 1916 - 13:35:20","-24.687568, -67.637139 -> -38.618677, -62.087101 -> -39.833242, -58.729402",28.5,109,549,3050,843
T-1000146,5,204,284,"Feb. 15, 1952 - 15:45:32","Feb. 15, 1952 - 15:57:32","Feb. 15, 1952 - 17:45:32","24.603342, 40.545972",4.75,304,7387,11868,2691
T-1000147,1,100,68,"May 19, 1890 - 04:49:13","May 19, 1890 - 05:04:42","May 19, 1890 - 05:52:42","-6.70304, 126.00471",6.71,112,0,3566,1119
T-1000148,2,125,191,"May 7, 2011 - 17:58:48","May 7, 2011 - 19:23:37","May 7, 2011 - 20:38:37","28.394386, -115.434936 -> 24.721309, -114.98445",12.69,285,2020,9132,2172
T-1000149,0,73,90,"Aug. 24, 1966 - 08:03:03","Aug. 24, 1966 - 08:43:11","Aug. 24, 1966 - 08:56:11","-14.400495, 127.355577 -> -35.621326, 116.715071",12.92,82,0,2034,809
T-1000150,3,155,227,"Sep. 15, 1903 - 04:57:07","Sep. 15, 1903 - 05:05:25","Sep. 15, 1903 - 05:09:25","31.052162, -82.421512",8.93,669,5497,16005,5887
T-1000151,4,191,238,"Jun. 26, 2002 - 18:40:28","Jun. 26, 2002 - 19:05:15","Jun. 26, 2002 - 19:28:15","-3.314685, 126.674178 -> 6.4677, 117.441602",9.34,2877,64029,73687,19001
T-1000152,0,73,67,"Nov. 19, 1904 - 11:56:17","Nov. 19, 1904 - 12:51:31","Nov. 19, 1904 - 14:30:31","61.314047, -75.204686",8.91,8,0,229,66
T-1000153,3,153,215,"Jun. 30, 1917 - 00:56:21","Jun. 30, 1917 - 02:18:23","Jun. 30, 1917 - 02:37:23","31.895252, 98.443128",5.12,2404,16162,61290,15161
T-1000154,2,121,136,"Jun. 27, 2018 - 19:50:19","Jun. 27, 2018 - 20:07:09","Jun. 27, 2018 - 20:18:09","30.814406, 1.641788 -> 21.982459, 0.725586",7.23,320,2634,7325,2829
T-1000155,4,191,287,"Mar. 6, 1981 - 15:01:31","Mar. 6, 1981 - 16:00:49","Mar. 6, 1981 - 16:05:49","35.490443, 104.208049",5.14,6954,160016,253796,54195
T-1000156,1,90,143,"Nov. 17, 1928 - 14:29:39","Nov. 17, 1928 - 15:04:06","Nov. 17, 1928 - 15:42:06","-41.78654, -62.75854",2.92,5,0,171,62
T-1000157,5,212,321,"Apr. 22, 1977 - 17:28:27","Apr. 22, 1977 - 18:04:03","Apr. 22, 1977 - 18:35:03","81.336296, -35.021174 -> 82.204678, -52.762774",13.09,21,410,688,152
T-1000158,3,163,226,"Nov. 17, 1933 - 22:31:41","Nov. 17, 1933 - 23:56:10","Nov. 18, 1933 - 00:28:10","67.552967, 65.284146 -> 56.109547, 153.204591",18.95,3465,20186,76347,25410
T-1000159,5,207,327,"Dec. 13, 1912 - 11:45:44","Dec. 13, 1912 - 12:34:46","Dec. 13, 1912 - 12:36:46","-4.343972, 131.920663 -> -4.930937, 139.970796",13.43,4140,105583,171747,33576
T-1000160,2,131,179,"May 13, 2017 - 13:09:50","May 13, 2017 - 13:42:51","May 13, 2017 - 14:31:51","-19.616616, -72.561846",9.69,2356,19597,96710,20370
T-1000161,0,80,79,"Aug. 17, 1912 - 08:25:58","Aug. 17, 1912 - 08:42:29","Aug. 17, 1912 - 09:16:29","26.207374, -105.322701",7.09,91,0,2460,611
T-1000162,0,78,98,"Dec. 30, 1935 - 10:41:09","Dec. 30, 1935 - 11:21:24","Dec. 30, 1935 - 13:04:24","41.468145, 86.21052 -> 49.717809, 79.757199",11.04,26,0,610,253
T-1000163,5,287,265,"Mar. 8, 2005 - 03:34:17","Mar. 8, 2005 - 04:56:12","Mar. 8, 2005 - 05:12:12","-20.434014, -57.512804 -> 3.258158, -59.109382",12.62,2709,64888,89814,16454
T-1000164,1,107,95,"Jul. 9, 1944 - 12:33:11","Jul. 9, 1944 - 12:41:46","Jul. 9, 1944 - 13:29:46","-20.695193, 149.040998 -> -17.004254, 120.943043",19.97,26,0,590,175
T-1000165,3,155,187,"Jan. 3, 1878 - 15:06:59","Jan. 3, 1878 - 16:20:34","Jan. 3, 1878 - 17:13:34","-12.010604, 24.23364 -> -12.384056, 23.550886",19.09,770,5336,17423,4814
T-1000166,4,170,298,"Sep. 23, 1971 - 21:11:43","Sep. 23, 1971 - 22:01:25","Sep. 23, 1971 - 22:18:25","-32.373813, 118.880145",7.59,535,11875,16951,4504
T-1000167,5,274,255,"Dec. 4, 1965 - 19:22:19","Dec. 4, 1965 - 20:30:24","Dec. 4, 1965 - 21:40:24","-11.672447, 148.521694 -> -15.728432, 131.677067",15.63,866,20460,31299,7611
T-1000168,1,107,107,"Aug. 3, 1957 - 01:38:35","Aug. 3, 1957 - 02:20:01","Aug. 3, 1957 - 02:37:01","-15.832249, -60.69963",8.99,51,0,1355,468
T-1000169,4,177,251,"Apr. 2, 1903 - 19:00:15","Apr. 2, 1903 - 19:11:44","Apr. 2, 1903 - 19:16:44","18.516767, 53.944132",1.79,281,7870,10924,2933
T-1000170,3,161,175,"Jan. 26, 1942 - 18:15:56","Jan. 26, 1942 - 19:38:18","Jan. 26, 1942 - 20:08:18","30.052554, 91.663586",0.94,1550,9405,40772,13504
T-1000171,5,238,299,"Mar. 28, 1961 - 03:35:13","Mar. 28, 1961 - 04:22:48","Mar. 28, 1961 - 05:11:48","71.587726, 75.547904 -> 76.327407, 170.504211",3.16,1886,44771,63863,14702
T-1000172,2,122,196,"Mar. 10, 1889 - 13:35:26","Mar. 10, 1889 - 15:05:21","Mar. 10, 1889 - 16:50:21","-6.968469, 23.4771 -> -3.563387, 16.282976 -> -4.82068, 18.510685 -> -1.507734, 15.975832",32.81,3045,17557,76391,20512
T-1000173,1,93,54,"Apr. 14, 1870 - 05:02:11","Apr. 14, 1870 - 05:28:54","Apr. 14, 1870 - 05:35:54","43.686901, -120.382429",2.12,48,0,912,320
T-1000174,3,162,180,"Nov. 2, 2013 - 05:07:58","Nov. 2, 2013 - 06:27:51","Nov. 2, 2013 - 06:35:51","52.285794, -79.77654",0.42,84,467,2335,640
T-1000175,4,191,212,"Feb. 22, 1888 - 03:11:38","Feb. 22, 1888 - 04:40:02","Feb. 22, 1888 - 05:36:02","80.529303, -30.707235",9.35,2,70,83,18
T-1000176,0,71,46,"Oct. 3, 2007 - 23:24:57","Oct. 4, 2007 - 00:28:05","Oct. 4, 2007 - 00:58:05","31.191699, -73.544903",8.2,602,0,12307,4014
T-1000177,1,107,101,"Mar. 20, 1975 - 19:50:46","Mar. 20, 1975 - 20:58:26","Mar. 20, 1975 - 21:05:26","34.488135, 114.994878 -> 37.842797, 112.288674",3.53,997,0,24105,8385
T-1000178,1,105,82,"Mar. 31, 1920 - 03:58:07","Mar. 31, 1920 - 04:31:02","Mar. 31, 1920 - 05:24:02","34.833906, 101.77902 -> 26.864562, 119.394243",17.82,1071,0,28773,8500
T-1000179,2,128,186,"Oct. 20, 2000 - 12:42:24","Oct. 20, 2000 - 13:37:45","Oct. 20, 2000 - 14:59:45","19.262209, 74.049403",3.53,2386,16095,73770,16809
T-1000180,3,155,156,"Apr. 18, 1925 - 05:25:50","Apr. 18, 1925 - 05:51:24","Apr. 18, 1925 - 06:39:24","-16.232151, 126.338635",9.29,62,434,1267,486
T-1000181,5,259,297,"May 17, 1882 - 09:06:18","May 17, 1882 - 10:18:42","May 17, 1882 - 10:44:42","20.677332, -98.109198",4.02,514,12604,14620,3562
T-1000182,4,172,259,"Nov. 29, 1878 - 07:19:52","Nov. 29, 1878 - 07:48:17","Nov. 29, 1878 - 07:52:17","-4.394491, 100.156539",9.02,3622,72149,104878,24580
T-1000183,3,138,228,"Oct. 2, 1972 - 06:58:46","Oct. 2, 1972 - 07:31:13","Oct. 2, 1972 - 07:51:13","-2.084268, 108.117202 -> 3.093825, 110.694104",9.39,280,2254,11257,2995
T-1000184,4,187,269,"Oct. 28, 2014 - 06:00:54","Oct. 28, 2014 - 07:25:33","Oct. 28, 2014 - 08:06:33","57.564631, 148.40874",8.07,1120,31381,40357,10121
T-1000185,4,185,203,"Aug. 21, 1881 - 00:32:02","Aug. 21, 1881 - 00:54:12","Aug. 21, 1881 - 01:19:12","72.034699, -49.611228 -> 67.255673, -25.24125",18.29,29,629,1010,190
T-1000186,0,84,6,"Dec. 5, 1901 - 23:53:16","Dec. 6, 1901 - 00:27:32","Dec. 6, 1901 - 01:46:32","26.12454, 49.659433",8.87,46,0,880,372
T-1000187,1,88,61,"Mar. 31, 1933 - 22:07:50","Mar. 31, 1933 - 23:08:15","Mar. 31, 1933 - 23:14:15","18.159286, 46.882614",2.93,10,0,247,84
T-1000188,3,146,226,"Dec. 26, 1898 - 13:56:25","Dec. 26, 1898 - 15:22:18","Dec. 26, 1898 - 16:27:18","55.873962, -130.705124 -> 54.20611, -128.048431",15.03,972,6357,38311,8837
T-1000189,1,100,76,"Jun. 9, 1944 - 22:10:29","Jun. 9, 1944 - 23:03:09","Jun. 9, 1944 - 23:14:09","53.644804, 51.06499 -> 46.260915, 55.906171",0.71,26,0,705,193
T-1000190,5,214,261,"Jan. 26, 1937 - 04:25:28","Jan. 26, 1937 - 04:36:29","Jan. 26, 1937 - 05:39:29","51.524968, -134.958808 -> 58.849465, -128.906803",8.19,21739,541164,814468,200398
T-1000191,4,188,200,"Jan. 29, 1915 - 11:49:29","Jan. 29, 1915 - 12:29:32","Jan. 29, 1915 - 12:36:32","43.299067, 71.865716",5.56,124,2850,3249,864
T-1000192,4,199,218,"Apr. 10, 1869 - 06:51:47","Apr. 10, 1869 - 07:46:13","Apr. 10, 1869 - 09:03:13","22.114417, 78.62502 -> 27.184786, 68.639215",9.47,16673,409242,762647,147630
T-1000193,0,78,42,"Feb. 5, 1947 - 02:43:42","Feb. 5, 1947 - 03:04:16","Feb. 5, 1947 - 04:01:16","18.687035, -90.001634 -> 16.432486, -102.011272",5.22,165,0,4726,1023
T-1000194,5,295,300,"Feb. 18, 1884 - 04:38:16","Feb. 18, 1884 - 05:37:31","Feb. 18, 1884 - 06:05:31","78.205907, -20.96542",9.16,1,47,63,18
T-1000195,4,194,233,"Feb. 26, 1887 - 07:51:08","Feb. 26, 1887 - 08:32:08","Feb. 26, 1887 - 09:30:08","30.50191, -108.240879 -> 21.606879, -109.607606",7.1,3242,78266,120235,24503
T-1000196,0,70,5,"Aug. 18, 1952 - 20:20:17","Aug. 18, 1952 - 21:38:45","Aug. 18, 1952 - 22:30:45","32.001159, -1.456877 -> 29.875711, 1.166666",12.56,73,0,1601,472
T-1000197,1,100,109,"Sep. 30, 1905 - 14:23:32","Sep. 30, 1905 - 15:02:16","Sep. 30, 1905 - 15:21:16","68.490778, 74.5536",7.17,90,0,2058,667
T-1000198,4,194,278,"Feb. 19, 1917 - 05:12:54","Feb. 19, 1917 - 06:18:57","Feb. 19, 1917 - 07:31:57","-22.907815, -63.308494 -> -23.960587, -67.394452 -> -26.386102, -55.883575",12.39,425,10647,12502,3618
T-1000199,5,284,307,"May 24, 2002 - 20:30:05","May 24, 2002 - 21:11:09","May 24, 2002 - 22:32:09","19.633689, 78.01448",3.47,44096,998921,1475388,323757
T-1000200,3,165,168,"Feb. 14, 1943 - 17:16:36","Feb. 14, 1943 - 17:43:35","Feb. 14, 1943 - 17:52:35","25.993472, 46.393928",9.71,96,661,2285,885
T-1000201,1,90,128,"Jun. 2, 2015 - 16:28:58","Jun. 2, 2015 - 17:19:56","Jun. 2, 2015 - 18:03:56","59.927214, -115.578386 -> 65.274101, -69.20333",16.5,55,0,1426,516
T-1000202,0,78,62,"Jun. 25, 1991 - 16:38:16","Jun. 25, 1991 - 18:05:33","Jun. 25, 1991 - 18:40:33","30.611309, -6.349841",9.81,64,0,1607,551
T-1000203,0,79,40,"May 25, 1966 - 10:40:30","May 25, 1966 - 11:02:47","May 25, 1966 - 11:37:47","29.872529, -1.364249",8.91,34,0,852,273
T-1000204,3,144,188,"Jun. 2, 1947 - 02:56:10","Jun. 2, 1947 - 03:04:25","Jun. 2, 1947 - 03:49:25","24.349602, -113.00764 -> 23.369369, -113.771645",10.34,486,2490,15804,3406
T-1000205,2,129,115,"Jun. 8, 1865 - 04:08:45","Jun. 8, 1865 - 04:39:11","Jun. 8, 1865 - 06:16:11","33.807936, 97.379554 -> 28.247518, 111.473212 -> 22.508622, 114.038957",2.92,4213,24823,166131,31145
T-1000206,1,108,108,"Jun. 24, 1973 - 23:15:12","Jun. 24, 1973 - 23:27:44","Jun. 24, 1973 - 23:36:44","-5.740656, -66.221718 -> -6.691995, -45.374969",18.18,188,0,4756,1461
T-1000207,3,145,231,"Feb. 20, 1977 - 20:32:39","Feb. 20, 1977 - 21:23:47","Feb. 20, 1977 - 21:31:47","-8.511894, 135.823493",7.43,935,6238,37327,6950
T-1000208,2,111,135,"Mar. 11, 1896 - 05:58:47","Mar. 11, 1896 - 07:06:49","Mar. 11, 1896 - 08:37:49","-18.50132, -48.161703 -> -21.653738, -46.323296",4.81,1002,7280,29581,7632
T-1000209,5,283,315,"Mar. 27, 1954 - 03:25:24","Mar. 27, 1954 - 04:50:53","Mar. 27, 1954 - 05:24:53","-30.16887, 140.375313",4.7,192,4890,5346,1605
T-1000210,1,110,57,"Sep. 15, 1972 - 05:30:36","Sep. 15, 1972 - 06:18:54","Sep. 15, 1972 - 07:00:54","76.877965, -47.287815",1.08,0,0,4,2
T-1000211,5,232,253,"May 27, 1964 - 06:18:04","May 27, 1964 - 07:29:10","May 27, 1964 - 07:33:10","-9.75559, -52.000331 -> 0.21375, -70.923786",14.65,1481,46126,66411,14720
T-1000212,3,164,161,"Nov. 28, 1904 - 03:12:09","Nov. 28, 1904 - 04:31:55","Nov. 28, 1904 - 04:51:55","-2.207444, 122.511591",0.56,75,442,3031,604
T-1000213,0,79,33,"May 9, 1906 - 15:13:28","May 9, 1906 - 15:48:59","May 9, 1906 - 16:25:59","27.879118, 70.114143",8.13,123,0,3023,1042
T-1000214,0,77,90,"Feb. 9, 1886 - 22:38:31","Feb. 9, 1886 - 23:51:55","Feb. 10, 1886 - 00:02:55","79.165566, -40.902979 -> 75.273737, -34.110247",10.53,0,0,15,4
T-1000215,3,164,234,"Jan. 4, 1874 - 05:16:54","Jan. 4, 1874 - 06:08:18","Jan. 4, 1874 - 06:55:18","18.868606, -109.468742 -> 23.601657, -97.173423 -> 25.886993, -103.743149",16.28,6854,45600,217903,53092
T-1000216,1,102,101,"Dec. 21, 1990 - 18:50:35","Dec. 21, 1990 - 19:32:27","Dec. 21, 1990 - 20:16:27","18.062061, -114.449049",4.67,463,0,9505,3224
T-1000217,4,171,260,"May 25, 2016 - 21:58:15","May 25, 2016 - 22:19:59","May 25, 2016 - 23:50:59","43.429459, 55.115732",5.83,68,1861,2317,530
T-1000218,4,185,251,"Mar. 31, 1925 - 04:19:25","Mar. 31, 1925 - 04:42:38","Mar. 31, 1925 - 05:08:38","38.493864, -82.694759",1.72,1273,30985,39933,9484
T-1000219,3,147,227,"Feb. 11, 1978 - 13:45:52","Feb. 11, 1978 - 14:46:02","Feb. 11, 1978 - 16:40:02","42.962243, 83.548874",8.49,42,244,988,323
T-1000220,5,274,281,"Aug. 10, 1955 - 07:23:46","Aug. 10, 1955 - 07:37:13","Aug. 10, 1955 - 08:06:13","31.939696, -90.276497",3.21,607,16913,26487,5450
T-1000221,5,230,253,"Apr. 4, 1937 - 00:40:19","Apr. 4, 1937 - 00:56:31","Apr. 4, 1937 - 01:28:31","-3.046314, 108.541272 -> -3.930158, 115.112026",3.43,8170,155050,293859,51969
T-1000222,2,119,197,"Dec. 28, 1869 - 21:34:11","Dec. 28, 1869 - 22:37:00","Dec. 28, 1869 - 23:04:00","34.750426, 118.376191 -> 35.861292, 97.803465",9.43,1480,8466,36607,11052
T-1000223,4,172,215,"May 2, 1876 - 08:15:32","May 2, 1876 - 09:29:04","May 2, 1876 - 09:43:04","27.100495, 35.583694 -> 23.871355, 41.111604",19.84,954,25508,44394,9801
T-1000224,1,107,62,"Apr. 9, 1965 - 01:40:27","Apr. 9, 1965 - 02:16:02","Apr. 9, 1965 - 02:58:02","-31.754441, 117.688058",3.11,33,0,771,277
T-1000225,2,122,184,"Oct. 13, 1890 - 00:41:13","Oct. 13, 1890 - 01:00:56","Oct. 13, 1890 - 02:06:56","26.707924, 81.199483 -> 27.168882, 71.608176",7.24,3580,25009,113026,31919
T-1000226,2,118,145,"Sep. 30, 1889 - 20:09:11","Sep. 30, 1889 - 21:36:30","Sep. 30, 1889 - 22:06:30","-26.774508, 125.50574 -> -18.948047, 141.332127",19.15,601,3481,20288,4406
T-1000227,3,142,179,"Aug. 5, 1870 - 18:47:42","Aug. 5, 1870 - 19:29:39","Aug. 5, 1870 - 19:38:39","21.916141, -99.732462 -> 18.712163, -98.25067",5.1,267,2044,6445,2031
T-1000228,4,197,284,"Dec. 30, 1922 - 13:50:25","Dec. 30, 1922 - 14:48:19","Dec. 30, 1922 - 14:56:19","23.342981, 10.762415 -> 19.286548, 5.97175",7.42,1969,58221,67604,19910
T-1000229,0,65,24,"Aug. 5, 1896 - 10:33:52","Aug. 5, 1896 - 11:28:52","Aug. 5, 1896 - 11:29:52","73.392302, 87.652289",5.62,71,0,1429,479
T-1000230,1,93,59,"Jun. 27, 1867 - 19:19:52","Jun. 27, 1867 - 19:52:49","Jun. 27, 1867 - 20:26:49","-21.537209, -38.057714",1.1,441,0,10976,3952
T-1000231,0,65,6,"Jan. 22, 1910 - 10:56:27","Jan. 22, 1910 - 12:02:04","Jan. 22, 1910 - 12:47:04","72.182853, -43.043061 -> 76.649782, -21.441378",10.84,0,0,14,4
T-1000232,1,91,85,"Apr. 20, 1936 - 12:14:37","Apr. 20, 1936 - 13:03:41","Apr. 20, 1936 - 14:39:41","-12.81555, 28.865075",8.48,223,0,7862,1811
T-1000233,2,116,193,"Apr. 27, 1934 - 02:27:36","Apr. 27, 1934 - 03:20:52","Apr. 27, 1934 - 03:37:52","47.816246, 71.370544 -> 44.339156, 60.609816",7.13,82,569,2718,621
T-1000234,4,198,267,"Jan. 13, 1881 - 18:47:23","Jan. 13, 1881 - 19:10:59","Jan. 13, 1881 - 19:21:59","54.196365, 58.29189",7.72,89,2513,3302,699
T-1000235,2,133,131,"Oct. 19, 1960 - 10:31:04","Oct. 19, 1960 - 11:19:28","Oct. 19, 1960 - 11:49:28","20.535736, 47.781332",1.43,31,225,1214,292
T-1000236,3,140,200,"Nov. 8, 1952 - 17:43:26","Nov. 8, 1952 - 18:07:26","Nov. 8, 1952 - 19:14:26","55.048345, 62.939503 -> 54.436804, 56.248892 -> 55.166049, 75.230464 -> 49.911855, 69.394364",33.9,574,3116,16906,5036
T-1000237,2,133,102,"May 16, 1952 - 14:08:20","May 16, 1952 - 14:30:33","May 16, 1952 - 15:46:33","31.659103, -71.718574",8.79,2157,14360,52925,16518
T-1000238,4,175,263,"Jan. 16, 2016 - 20:30:47","Jan. 16, 2016 - 21:39:13","Jan. 16, 2016 - 21:50:13","61.211951, -50.262503",5.09,3,68,115,19
T-1000239,5,251,266,"Aug. 24, 1907 - 01:53:36","Aug. 24, 1907 - 03:03:13","Aug. 24, 1907 - 03:35:13","23.021522, 52.840554 -> 19.099526, 48.357492",19.25,4660,126287,149949,39373
T-1000240,3,161,247,"Jun. 19, 2019 - 23:12:28","Jun. 20, 2019 - 00:09:47","Jun. 20, 2019 - 01:26:47","19.239161, 47.871556 -> 27.114653, 39.819534",9.78,407,3168,9774,3255
T-1000241,0,65,66,"Apr. 12, 1907 - 15:44:54","Apr. 12, 1907 - 17:11:02","Apr. 12, 1907 - 18:33:02","-23.779334, 118.582202 -> -16.095717, 141.138425",2.55,43,0,1317,464
T-1000242,4,177,251,"Aug. 4, 1999 - 06:34:55","Aug. 4, 1999 - 06:57:14","Aug. 4, 1999 - 08:31:14","37.131726, 88.074672",6.92,1884,47780,52260,13053
T-1000243,5,279,301,"Nov. 27, 1970 - 06:37:13","Nov. 27, 1970 - 08:07:45","Nov. 27, 1970 - 09:04:45","51.935922, 73.057419 -> 51.535925, 63.847693",14.11,4249,107692,157303,32636
T-1000244,5,232,274,"Dec. 31, 1940 - 17:47:11","Dec. 31, 1940 - 18:19:52","Dec. 31, 1940 - 18:22:52","-18.590874, -56.300806",5.29,1258,29234,37737,9547
T-1000245,4,170,239,"Jun. 27, 1889 - 11:48:14","Jun. 27, 1889 - 11:56:18","Jun. 27, 1889 - 13:22:18","74.620206, -34.980688",9.24,1,28,38,8
T-1000246,5,264,314,"May 4, 1981 - 21:09:08","May 4, 1981 - 21:36:34","May 4, 1981 - 22:36:34","-47.904877, -60.3209 -> -41.347248, -62.221006",10.66,349,8231,11513,2457
T-1000247,5,245,296,"Feb. 18, 1906 - 07:16:53","Feb. 18, 1906 - 08:28:35","Feb. 18, 1906 - 09:42:35","40.799303, -108.131741 -> 39.554192, -93.004755 -> 36.240537, -85.635079",10.42,2239,54912,94033,19156
T-1000248,1,108,51,"Jun. 6, 1965 - 19:33:37","Jun. 6, 1965 - 20:13:10","Jun. 6, 1965 - 20:18:10","-26.96532, 149.616637",1.17,17,0,385,150
T-1000249,5,258,280,"Jun. 9, 1966 - 03:53:48","Jun. 9, 1966 - 04:18:36","Jun. 9, 1966 - 06:03:36","2.233253, 16.46734",9.62,784,19566,20772,6111
T-1000250,5,267,284,"Feb. 25, 1915 - 12:11:11","Feb. 25, 1915 - 13:12:07","Feb. 25, 1915 - 14:13:07","-27.45842, 128.395196",0.8,897,20939,25172,6929
T-1000251,1,105,127,"Oct. 5, 1928 - 14:35:55","Oct. 5, 1928 - 15:31:30","Oct. 5, 1928 - 16:34:30","74.622837, -47.732917 -> 82.150008, -47.018903",14.32,3,0,82,21
T-1000252,3,155,243,"Jun. 2, 2012 - 22:49:02","Jun. 2, 2012 - 23:37:57","Jun. 2, 2012 - 23:53:57","-16.723906, 128.967527",4.61,72,373,2180,609
T-1000253,3,136,194,"Feb. 8, 1928 - 01:48:49","Feb. 8, 1928 - 02:11:06","Feb. 8, 1928 - 03:42:06","-9.776589, 122.644226",3.22,154,971,3052,1256
T-1000254,1,104,116,"Jan. 27, 1875 - 13:22:39","Jan. 27, 1875 - 14:14:46","Jan. 27, 1875 - 15:59:46","34.37888, -98.651066 -> 32.007166, -122.066914",17.36,151,0,3722,1383
T-1000255,2,116,135,"Oct. 30, 1943 - 19:40:53","Oct. 30, 1943 - 21:04:01","Oct. 30, 1943 - 22:22:01","-3.926823, 119.277454 -> 2.167167, 128.687279",8.35,361,2257,8188,2481
T-1000256,3,143,246,"Oct. 25, 1946 - 11:29:00","Oct. 25, 1946 - 12:43:37","Oct. 25, 1946 - 12:57:37","-8.771505, 25.896862 -> -4.267481, 15.685196",13.65,957,6256,22593,7323
T-1000257,4,190,223,"Aug. 22, 1890 - 03:03:54","Aug. 22, 1890 - 03:14:39","Aug. 22, 1890 - 04:18:39","28.089215, -112.434683",8.23,456,10752,18419,3613
T-1000258,2,124,190,"Dec. 12, 1959 - 06:09:45","Dec. 12, 1959 - 06:38:24","Dec. 12, 1959 - 06:44:24","63.497628, -116.972723",5.8,77,557,2693,646
T-1000259,0,79,23,"Mar. 27, 1959 - 15:52:11","Mar. 27, 1959 - 16:41:47","Mar. 27, 1959 - 17:27:47","25.782213, 43.450408 -> 22.490782, 51.662252",17.89,21,0,536,161
T-1000260,0,83,35,"May 17, 1954 - 08:17:55","May 17, 1954 - 08:33:27","May 17, 1954 - 09:41:27","33.989811, 91.849848",1.38,144,0,3610,1129
T-1000261,0,71,76,"Feb. 6, 1877 - 02:06:04","Feb. 6, 1877 - 02:29:50","Feb. 6, 1877 - 03:41:50","72.333535, 131.60753 -> 56.086554, 50.419888",7.5,168,0,5320,1700
T-1000262,0,78,72,"Oct. 11, 1871 - 07:05:55","Oct. 11, 1871 - 07:22:53","Oct. 11, 1871 - 07:41:53","-30.825218, -56.562996",6.66,6,0,170,73
T-1000263,3,159,199,"Jun. 25, 1911 - 08:46:08","Jun. 25, 1911 - 08:51:47","Jun. 25, 1911 - 09:30:47","37.050432, -118.630327",3.39,189,1528,4670,1932
T-1000264,3,143,206,"Dec. 2, 1902 - 22:42:02","Dec. 2, 1902 - 23:59:38","Dec. 3, 1902 - 00:04:38","-3.902858, 131.23948",9.71,134,675,2705,990
T-1000265,4,178,223,"Apr. 19, 1891 - 01:55:00","Apr. 19, 1891 - 03:15:20","Apr. 19, 1891 - 04:18:20","27.821616, 76.891621",2.08,3059,90845,107950,29759
T-1000266,5,203,317,"Jun. 26, 1976 - 23:40:27","Jun. 27, 1976 - 00:52:32","Jun. 27, 1976 - 01:17:32","24.31517, -109.793655",1.92,1233,28855,37310,8989
T-1000267,5,223,277,"Jun. 6, 1896 - 16:33:31","Jun. 6, 1896 - 17:22:38","Jun. 6, 1896 - 17:24:38","-27.605355, -57.140474 -> -35.635021, -55.909091",12.89,266,6889,9955,2277
T-1000268,1,91,142,"Jun. 9, 1894 - 15:39:39","Jun. 9, 1894 - 16:49:35","Jun. 9, 1894 - 17:30:35","26.73057, -5.244005 -> 36.7496, 3.872096",14.66,221,0,6125,1544
T-1000269,0,81,61,"Dec. 18, 2004 - 08:07:47","Dec. 18, 2004 - 09:08:45","Dec. 18, 2004 - 09:59:45","36.375697, -3.123689",5.12,46,0,1118,428
T-1000270,4,188,290,"Jul. 8, 1938 - 17:43:49","Jul. 8, 1938 - 19:11:59","Jul. 8, 1938 - 20:58:59","-41.586941, -62.543215",2.83,85,2184,3416,796
T-1000271,1,95,59,"Mar. 3, 1957 - 23:04:07","Mar. 4, 1957 - 00:27:35","Mar. 4, 1957 - 00:41:35","22.580143, 85.154054",3.1,125,0,2893,1322
T-1000272,4,190,237,"Aug. 8, 1903 - 15:21:15","Aug. 8, 1903 - 15:57:32","Aug. 8, 1903 - 16:14:32","-1.605731, -61.630053",9.7,1638,38430,53267,11862
T-1000273,4,193,268,"Dec. 27, 2002 - 13:24:26","Dec. 27, 2002 - 14:10:42","Dec. 27, 2002 - 14:31:42","0.151278, 140.226456",3.73,407,11455,16468,3110
T-1000274,3,146,230,"Aug. 20, 1866 - 05:19:33","Aug. 20, 1866 - 05:45:00","Aug. 20, 1866 - 06:39:00","17.122675, -114.793328",6.93,1685,12590,62356,13099
T-1000275,4,183,236,"Jan. 22, 1986 - 02:34:15","Jan. 22, 1986 - 03:34:47","Jan. 22, 1986 - 04:25:47","-2.423789, 25.318299 -> 3.659778, 20.716337",2.98,1325,32323,40240,9999
T-1000276,5,245,252,"Jul. 15, 1912 - 11:20:35","Jul. 15, 1912 - 11:41:47","Jul. 15, 1912 - 11:54:47","29.047705, 69.11454 -> 27.954615, 76.670558",4.96,5708,133226,172988,45778
T-1000277,4,200,281,"Jan. 26, 1970 - 01:19:50","Jan. 26, 1970 - 02:17:12","Jan. 26, 1970 - 02:21:12","25.561207, -3.559998",0.75,543,12104,16668,4609
T-1000278,4,190,245,"Jun. 6, 1951 - 04:10:38","Jun. 6, 1951 - 04:25:38","Jun. 6, 1951 - 05:50:38","20.039894, -3.869361",7.73,759,17520,20420,6002
T-1000279,1,92,63,"Apr. 15, 1943 - 19:56:43","Apr. 15, 1943 - 20:29:16","Apr. 15, 1943 - 20:44:16","-25.037048, 132.092035 -> -22.107133, 126.713406",15.46,61,0,1790,633
T-1000280,4,182,247,"Aug. 10, 1873 - 09:56:07","Aug. 10, 1873 - 11:11:15","Aug. 10, 1873 - 11:24:15","55.841694, -100.881572",5.68,95,2265,4050,691
T-1000281,5,263,329,"Jun. 28, 1985 - 12:12:44","Jun. 28, 1985 - 13:36:16","Jun. 28, 1985 - 14:46:16","33.128377, -73.367411 -> 46.822939, -117.211173",19.64,4291,96209,139349,36118
T-1000282,0,67,79,"Mar. 17, 2013 - 22:46:59","Mar. 18, 2013 - 00:04:22","Mar. 18, 2013 - 00:34:22","-18.865732, -63.263602",1.97,71,0,1289,412
T-1000283,2,131,100,"Jun. 28, 1881 - 22:39:40","Jun. 28, 1881 - 23:34:25","Jun. 28, 1881 - 23:57:25","49.584682, -112.660659",3.63,159,850,5035,1110
T-1000284,2,130,116,"Feb. 11, 1931 - 05:47:14","Feb. 11, 1931 - 06:18:08","Feb. 11, 1931 - 06:23:08","35.091662, -3.456573 -> 36.446489, 0.20993",2.02,181,1273,4814,1705
T-1000285,3,137,196,"Dec. 12, 1951 - 13:51:50","Dec. 12, 1951 - 14:45:43","Dec. 12, 1951 - 15:37:43","-0.597844, 13.570132",2.9,136,855,3609,1094
T-1000286,3,153,211,"Nov. 20, 1993 - 20:14:10","Nov. 20, 1993 - 20:48:07","Nov. 20, 1993 - 21:53:07","32.898335, 5.55591 -> 35.037488, 4.958137 -> 30.718636, -8.437403",18.46,1333,9932,35744,11380
T-1000287,1,87,139,"Nov. 24, 1894 - 18:41:57","Nov. 24, 1894 - 19:34:19","Nov. 24, 1894 - 21:26:19","48.953231, -71.0426",4.71,64,0,2035,544
T-1000288,2,125,122,"Feb. 22, 2003 - 15:47:24","Feb. 22, 2003 - 16:02:32","Feb. 22, 2003 - 16:43:32","-35.408847, -60.326011 -> -22.33039, -67.753176 -> -39.196271, -55.598339",5.17,127,836,4471,1012
T-1000289,4,187,294,"Apr. 6, 1916 - 09:31:03","Apr. 6, 1916 - 10:57:02","Apr. 6, 1916 - 11:34:02","19.581263, -88.33529",1.42,1662,43143,64760,14901
T-1000290,0,76,19,"Jul. 14, 1918 - 16:45:43","Jul. 14, 1918 - 17:53:19","Jul. 14, 1918 - 19:08:19","28.032888, 72.242079 -> 22.854778, 84.294257",5.62,341,0,7446,2551
T-1000291,1,88,135,"Jul. 29, 1991 - 14:16:00","Jul. 29, 1991 - 15:38:49","Jul. 29, 1991 - 16:03:49","68.366354, -133.770753",2.55,7,0,171,62
T-1000292,2,114,196,"Sep. 26, 1992 - 14:14:08","Sep. 26, 1992 - 14:20:18","Sep. 26, 1992 - 15:25:18","-0.556674, -51.969485 -> -13.225658, -56.341712",1.77,1052,5390,24417,7461
T-1000293,0,78,51,"Sep. 17, 1897 - 19:17:14","Sep. 17, 1897 - 20:29:04","Sep. 17, 1897 - 21:28:04","37.79607, 98.140911 -> 33.788255, 93.730696",10.68,426,0,8414,2640
T-1000294,2,121,127,"Aug. 22, 1897 - 10:59:12","Aug. 22, 1897 - 12:03:09","Aug. 22, 1897 - 12:08:09","31.084272, -123.818899",2.15,29366,199506,1039783,231114
T-1000295,0,68,57,"Nov. 6, 2017 - 20:37:50","Nov. 6, 2017 - 20:48:20","Nov. 6, 2017 - 20:59:20","-2.104134, 28.733464 -> -6.488451, 20.282964",12.43,48,0,1632,380
T-1000296,1,88,96,"Jul. 31, 1925 - 04:44:23","Jul. 31, 1925 - 06:06:07","Jul. 31, 1925 - 06:29:07","24.395692, 95.552097 -> 33.013589, 95.07907",13.05,348,0,9576,2418
T-1000297,2,111,129,"Aug. 13, 1925 - 02:15:12","Aug. 13, 1925 - 02:29:15","Aug. 13, 1925 - 03:23:15","-42.676485, -68.148145 -> -48.168742, -56.504528 -> -49.838234, -68.465102",6.14,469,2326,14781,3841
T-1000298,5,291,328,"Mar. 19, 1973 - 19:00:08","Mar. 19, 1973 - 19:37:18","Mar. 19, 1973 - 20:21:18","66.555776, -29.58744",7.1,2,57,99,19
T-1000299,2,128,175,"Apr. 1, 1889 - 08:14:37","Apr. 1, 1889 - 09:32:24","Apr. 1, 1889 - 10:37:24","48.650647, 53.569784 -> 49.762818, 60.315919",16.03,536,4199,17642,5395
T-1000300,4,200,217,"Mar. 24, 2012 - 18:28:26","Mar. 24, 2012 - 18:52:31","Mar. 24, 2012 - 19:34:31","2.441779, 124.631704 -> -1.523807, 112.511012",11.25,1751,39277,64693,11766
T-1000301,5,206,279,"Dec. 1, 1925 - 13:51:41","Dec. 1, 1925 - 14:27:57","Dec. 1, 1925 - 15:10:57","16.169706, -102.977298 -> 23.555317, -115.045183 -> 23.971446, -96.117664",25.52,1841,39617,66880,13034
T-1000302,4,174,291,"Dec. 13, 1966 - 11:07:04","Dec. 13, 1966 - 11:15:59","Dec. 13, 1966 - 13:01:59","66.037338, -45.617426 -> 78.191745, -54.532767",19.06,19,495,865,174
T-1000303,2,134,110,"Sep. 16, 1969 - 05:06:56","Sep. 16, 1969 - 06:05:13","Sep. 16, 1969 - 07:55:13","-13.113022, 13.944138 -> -9.818933, 16.422201 -> 3.017517, 18.537131 -> -3.092471, 27.914254",34.48,28905,192690,742584,241366
T-1000304,3,151,249,"Dec. 25, 1865 - 17:44:46","Dec. 25, 1865 - 18:32:24","Dec. 25, 1865 - 19:54:24","37.06335, 87.692695",5.48,492,3535,11079,4049
T-1000305,1,93,56,"Nov. 19, 1951 - 13:37:33","Nov. 19, 1951 - 14:19:48","Nov. 19, 1951 - 14:55:48","25.302835, 2.711455",8.3,16,0,503,149
T-1000306,3,161,196,"Jan. 23, 1981 - 19:11:13","Jan. 23, 1981 - 20:37:01","Jan. 23, 1981 - 21:58:01","32.360097, -85.668444",8.61,502,3587,11824,4347
T-1000307,4,198,289,"May 21, 1902 - 21:20:37","May 21, 1902 - 22:11:32","May 21, 1902 - 22:15:32","-3.36033, 13.606379 -> -6.981116, 14.818807",6.7,4393,104490,133669,28592
T-1000308,1,87,121,"Oct. 9, 1907 - 07:25:00","Oct. 9, 1907 - 07:48:40","Oct. 9, 1907 - 08:17:40","49.080743, 85.03308",7.48,23,0,513,227
T-1000309,2,130,171,"Sep. 21, 1913 - 06:39:25","Sep. 21, 1913 - 07:37:07","Sep. 21, 1913 - 08:13:07","15.763935, 85.699328 -> 10.315995, 85.128461",3.09,2678,20292,90198,27007
T-1000310,0,85,86,"Jul. 12, 1919 - 07:50:19","Jul. 12, 1919 - 08:21:14","Jul. 12, 1919 - 09:11:14","2.182613, 18.847269 -> -8.605218, 22.52148",8.95,98,0,2423,973
T-1000311,4,167,239,"Jul. 30, 1955 - 01:13:32","Jul. 30, 1955 - 01:30:09","Jul. 30, 1955 - 02:27:09","77.19973, -30.822194 -> 61.0716, -22.506007",10.5,4,104,123,31
T-1000312,1,95,141,"Jan. 10, 1995 - 10:38:16","Jan. 10, 1995 - 10:54:06","Jan. 10, 1995 - 11:41:06","-3.489022, -37.113948",3.62,65,0,1713,536
T-1000313,1,110,60,"Jul. 10, 1973 - 10:01:35","Jul. 10, 1973 - 10:28:27","Jul. 10, 1973 - 11:16:27","15.772757, 85.214924 -> 25.346699, 68.903429",15.45,305,0,10312,3215
T-1000314,3,137,218,"Jun. 4, 1998 - 13:58:22","Jun. 4, 1998 - 14:20:24","Jun. 4, 1998 - 14:44:24","-31.682456, -66.692402 -> -39.741107, -67.865027",9.37,206,1196,5044,1527
T-1000315,3,147,179,"Mar. 7, 2012 - 03:01:25","Mar. 7, 2012 - 03:55:47","Mar. 7, 2012 - 04:03:47","47.951502, 81.464281 -> 50.500326, 80.235006",1.16,53,364,1158,400
T-1000316,2,111,120,"Jun. 7, 1873 - 08:29:45","Jun. 7, 1873 - 09:26:44","Jun. 7, 1873 - 10:32:44","-42.719002, -61.370686 -> -30.018713, -59.95521 -> -24.168896, -64.254121 -> -48.71138, -59.764186 -> -32.42632, -67.878939",20.91,1497,8551,31765,12636
T-1000317,0,77,72,"Jan. 30, 2015 - 16:03:43","Jan. 30, 2015 - 17:19:17","Jan. 30, 2015 - 18:05:17","-7.603549, -62.860434 -> -7.525471, -35.967203",6.0,256,0,6268,1918
T-1000318,5,291,311,"May 31, 1996 - 18:36:50","May 31, 1996 - 19:11:33","May 31, 1996 - 20:10:33","26.799495, 51.757308",3.17,663,14883,21079,5325
T-1000319,5,259,348,"Feb. 17, 1976 - 05:33:41","Feb. 17, 1976 - 07:01:03","Feb. 17, 1976 - 07:30:03","62.374611, -91.85131",5.26,6170,170318,202338,51345
T-1000320,2,134,186,"Oct. 21, 1968 - 10:10:25","Oct. 21, 1968 - 11:39:04","Oct. 21, 1968 - 12:17:04","32.563942, -89.733388",8.15,193,1280,4656,1313
T-1000321,0,74,50,"Dec. 17, 1922 - 04:26:24","Dec. 17, 1922 - 04:50:34","Dec. 17, 1922 - 04:54:34","0.521124, 107.768733",7.23,44,0,1255,334
T-1000322,1,89,74,"Mar. 6, 1971 - 18:01:21","Mar. 6, 1971 - 18:32:41","Mar. 6, 1971 - 18:52:41","17.831027, 85.12906 -> 27.131787, 85.202354",19.72,343,0,7827,2576
T-1000323,2,133,147,"Feb. 18, 1928 - 16:45:34","Feb. 18, 1928 - 18:03:18","Feb. 18, 1928 - 18:38:18","63.242688, -120.148478",1.15,79,532,1753,618
T-1000324,1,98,66,"Dec. 7, 1909 - 20:35:35","Dec. 7, 1909 - 20:41:07","Dec. 7, 1909 - 21:49:07","35.142133, 10.296346",6.84,7,0,167,49
T-1000325,3,161,216,"Oct. 3, 1950 - 10:13:25","Oct. 3, 1950 - 11:14:41","Oct. 3, 1950 - 11:39:41","44.931393, 65.92347 -> 49.534447, 48.595374",5.02,45,365,1069,438
T-1000326,2,112,124,"Apr. 1, 1990 - 07:51:26","Apr. 1, 1990 - 08:49:22","Apr. 1, 1990 - 09:50:22","29.86067, 74.870975",7.08,529,3573,23096,4422
T-1000327,1,105,112,"Nov. 24, 1909 - 11:00:35","Nov. 24, 1909 - 11:58:26","Nov. 24, 1909 - 12:18:26","-6.055711, 16.717748",1.65,181,0,5049,1596
T-1000328,1,102,62,"Dec. 25, 1920 - 00:39:27","Dec. 25, 1920 - 01:15:47","Dec. 25, 1920 - 02:07:47","32.842518, -123.710768 -> 35.501784, -79.982302",0.51,127,0,2938,847
T-1000329,5,241,283,"May 29, 1929 - 04:17:18","May 29, 1929 - 05:14:05","May 29, 1929 - 05:24:05","28.805852, -89.016138",6.36,396,8646,13203,2888
T-1000330,1,107,108,"Nov. 17, 1947 - 12:37:01","Nov. 17, 1947 - 13:31:28","Nov. 17, 1947 - 13:37:28","4.622389, 26.115469 -> -4.143378, 23.41296",11.44,368,0,12721,2894
T-1000331,0,85,89,"Mar. 28, 1883 - 19:09:02","Mar. 28, 1883 - 19:25:20","Mar. 28, 1883 - 20:48:20","29.713874, 41.017813 -> 24.736279, 52.94451",8.16,14,0,346,115
T-1000332,2,116,115,"Mar. 31, 2003 - 13:43:02","Mar. 31, 2003 - 15:12:37","Mar. 31, 2003 - 15:44:37","30.533271, -2.328017",7.63,424,2201,13497,3336
T-1000333,4,178,214,"Sep. 24, 1884 - 23:29:57","Sep. 24, 1884 - 23:41:34","Sep. 25, 1884 - 00:50:34","26.5681, 9.938894 -> 32.221487, -4.274126 -> 19.904574, 8.46355 -> 29.525668, -5.819129",11.09,3352,77357,95399,23030
T-1000334,4,172,258,"Feb. 6, 1899 - 03:47:17","Feb. 6, 1899 - 05:14:46","Feb. 6, 1899 - 05:28:46","26.680281, 77.523784 -> 27.495635, 83.73281",1.55,18334,494380,771297,145629
T-1000335,1,108,67,"Apr. 14, 1897 - 20:34:39","Apr. 14, 1897 - 21:54:07","Apr. 14, 1897 - 23:09:07","-1.875487, 132.516466",4.37,126,0,2988,743
T-1000336,3,154,175,"Dec. 10, 1999 - 15:56:47","Dec. 10, 1999 - 16:38:17","Dec. 10, 1999 - 17:55:17","66.771291, -90.267301 -> 57.965466, -69.760156",10.63,215,1708,8576,1615
T-1000337,4,188,249,"Sep. 29, 1970 - 20:21:34","Sep. 29, 1970 - 21:10:29","Sep. 29, 1970 - 21:29:29","60.07327, 81.929314",7.79,1697,41614,53844,16003
T-1000338,5,298,334,"Jun. 9, 1875 - 07:46:05","Jun. 9, 1875 - 08:59:28","Jun. 9, 1875 - 09:38:28","26.23113, 114.188191",0.64,4417,93099,128239,28592
T-1000339,0,77,39,"Jan. 9, 1906 - 18:53:45","Jan. 9, 1906 - 19:04:14","Jan. 9, 1906 - 19:18:14","53.90162, -95.902559",8.3,11,0,249,96
T-1000340,5,261,250,"Mar. 29, 2018 - 22:15:31","Mar. 29, 2018 - 23:06:17","Mar. 29, 2018 - 23:49:17","4.628336, 98.792379 -> -1.401307, 113.009015",19.59,18428,438606,737697,148430
T-1000341,5,301,311,"Dec. 10, 1948 - 08:01:25","Dec. 10, 1948 - 08:22:00","Dec. 10, 1948 - 10:12:00","3.275543, 131.04135",1.79,830,22334,26644,7612
T-1000342,4,175,291,"Mar. 23, 1866 - 21:12:59","Mar. 23, 1866 - 22:02:22","Mar. 23, 1866 - 22:37:22","28.60838, -97.471696 -> 16.138726, -95.732916",19.47,3875,87474,111160,31781
T-1000343,3,147,164,"Jun. 6, 1876 - 20:20:53","Jun. 6, 1876 - 20:59:51","Jun. 6, 1876 - 21:10:51","1.506441, 19.179775 -> -10.434562, 27.888573",11.68,892,5715,30003,7898
T-1000344,2,129,133,"Jul. 16, 1881 - 11:58:42","Jul. 16, 1881 - 13:16:32","Jul. 16, 1881 - 13:17:32","49.882584, -89.500017",5.71,83,507,2153,524
T-1000345,5,290,288,"Jun. 17, 1959 - 23:17:49","Jun. 18, 1959 - 00:03:48","Jun. 18, 1959 - 00:20:48","60.046708, -91.43104 -> 63.037842, -91.125795",8.75,2393,62198,103412,21558
T-1000346,2,126,166,"Sep. 24, 1938 - 03:50:11","Sep. 24, 1938 - 04:18:54","Sep. 24, 1938 - 06:02:54","27.817131, -7.5378",7.81,109,753,2747,850
T-1000347,2,117,166,"Nov. 30, 2002 - 09:32:56","Nov. 30, 2002 - 09:40:50","Nov. 30, 2002 - 10:19:50","4.292114, 24.718817 -> -1.998795, 16.70451",17.34,958,5031,26333,7372
T-1000348,0,67,41,"Aug. 22, 2008 - 06:43:55","Aug. 22, 2008 - 07:07:13","Aug. 22, 2008 - 07:36:13","22.163216, -99.176863",3.27,24,0,855,245
T-1000349,4,198,228,"May 24, 2015 - 07:35:40","May 24, 2015 - 08:06:02","May 24, 2015 - 08:45:02","60.336816, 109.8524",3.88,863,19430,24797,7748
T-1000350,4,177,221,"Sep. 17, 1988 - 10:00:33","Sep. 17, 1988 - 10:45:44","Sep. 17, 1988 - 11:38:44","50.706721, 80.907429 -> 52.564231, 65.569982",16.96,693,18289,21811,5679
T-1000351,4,168,214,"Feb. 1, 1945 - 18:40:52","Feb. 1, 1945 - 19:09:52","Feb. 1, 1945 - 19:22:52","-13.206329, 19.495656",1.29,570,14554,17405,4080
T-1000352,2,116,166,"Feb. 17, 1911 - 04:57:27","Feb. 17, 1911 - 05:37:59","Feb. 17, 1911 - 06:13:59","-11.493295, -35.441741 -> -11.34214, -48.253154",2.74,805,4260,18817,5609
T-1000353,4,184,276,"May 23, 1956 - 08:54:03","May 23, 1956 - 10:11:02","May 23, 1956 - 11:06:02","25.331313, 9.855997 -> 32.408153, 7.617645",17.08,526,13431,16959,4733
T-1000354,4,199,259,"Jul. 28, 1948 - 00:42:55","Jul. 28, 1948 - 01:12:22","Jul. 28, 1948 - 01:46:22","24.195619, -114.778413 -> 29.656669, -114.705746",7.37,939,27278,32086,8158
T-1000355,4,191,226,"Dec. 5, 1900 - 07:45:32","Dec. 5, 1900 - 08:50:21","Dec. 5, 1900 - 10:00:21","29.595311, -93.213109",9.1,5639,125575,152681,37034
T-1000356,3,163,238,"Feb. 1, 1986 - 19:27:39","Feb. 1, 1986 - 20:45:06","Feb. 1, 1986 - 21:10:06","59.976356, 85.10607",4.27,467,3485,12227,3354
T-1000357,1,107,74,"Jul. 13, 1999 - 18:08:50","Jul. 13, 1999 - 19:36:04","Jul. 13, 1999 - 19:50:04","34.183126, -94.652977 -> 41.425688, -75.242262",7.31,194,0,4796,1197
T-1000358,5,271,324,"Mar. 2, 1911 - 06:59:35","Mar. 2, 1911 - 07:36:00","Mar. 2, 1911 - 08:09:00","30.603315, 42.084909 -> 29.051172, 40.931318",6.71,1267,40744,49891,10452
T-1000359,0,76,33,"Mar. 11, 2002 - 15:43:15","Mar. 11, 2002 - 16:56:12","Mar. 11, 2002 - 17:04:12","5.897914, 130.461837 -> -5.681205, 100.225357",2.91,1347,0,25019,11056
T-1000360,2,123,175,"Jun. 12, 1969 - 20:11:47","Jun. 12, 1969 - 21:18:24","Jun. 12, 1969 - 21:29:24","-24.944662, 117.365493 -> -20.685139, 126.714717",7.72,150,915,5363,1300
T-1000361,0,81,35,"Feb. 27, 2000 - 13:14:17","Feb. 27, 2000 - 14:29:58","Feb. 27, 2000 - 15:03:58","-25.410247, 149.212392 -> -32.647982, 129.742169",11.56,27,0,555,206
T-1000362,3,159,164,"Dec. 17, 1913 - 21:19:41","Dec. 17, 1913 - 22:41:55","Dec. 17, 1913 - 23:42:55","28.31158, 8.067269 -> 23.485387, 11.531626",8.16,753,4822,26530,6087
T-1000363,1,95,132,"Sep. 13, 1872 - 19:12:40","Sep. 13, 1872 - 19:18:46","Sep. 13, 1872 - 20:06:46","-49.027991, -60.635416",4.87,17,0,470,139
T-1000364,4,191,269,"Dec. 31, 2000 - 20:54:35","Dec. 31, 2000 - 22:09:56","Dec. 31, 2000 - 22:44:56","23.248047, -89.742693",9.22,668,15509,24832,4935
T-1000365,5,202,319,"Jun. 21, 1980 - 00:15:49","Jun. 21, 1980 - 00:25:32","Jun. 21, 1980 - 02:06:32","62.940562, 100.199642 -> 73.130391, 111.151251 -> 68.450284, 40.240021",11.18,6251,132560,229392,42949
T-1000366,3,165,168,"Mar. 5, 1890 - 23:33:52","Mar. 6, 1890 - 00:23:50","Mar. 6, 1890 - 01:05:50","28.184312, 109.814156",6.95,526,4519,21431,4162
T-1000367,0,70,30,"Jul. 1, 1936 - 10:08:55","Jul. 1, 1936 - 11:18:19","Jul. 1, 1936 - 12:52:19","-8.128064, -62.978155 -> -20.770296, -53.071168",17.24,292,0,8507,2769
T-1000368,1,101,144,"Apr. 13, 1905 - 19:48:40","Apr. 13, 1905 - 20:02:14","Apr. 13, 1905 - 20:21:14","43.141192, -95.567416 -> 31.768947, -71.317394",10.69,699,0,12232,5535
T-1000369,3,164,161,"Mar. 10, 1905 - 17:13:19","Mar. 10, 1905 - 18:43:40","Mar. 10, 1905 - 19:32:40","33.163888, 91.671398",4.98,840,5337,17863,5067
T-1000370,2,131,186,"Oct. 26, 1871 - 22:37:38","Oct. 26, 1871 - 23:34:30","Oct. 26, 1871 - 23:38:30","20.664555, 35.940247",4.5,1220,7370,24649,9818
T-1000371,1,101,149,"Sep. 17, 1899 - 23:16:49","Sep. 18, 1899 - 00:02:19","Sep. 18, 1899 - 00:33:19","52.628891, 47.354878 -> 53.587013, 59.51988",1.55,20,0,476,182
T-1000372,0,81,51,"Feb. 3, 1920 - 11:39:18","Feb. 3, 1920 - 11:53:51","Feb. 3, 1920 - 13:01:51","4.884051, 106.273023",5.38,26,0,596,263
T-1000373,4,192,284,"Feb. 25, 1915 - 14:44:45","Feb. 25, 1915 - 15:42:18","Feb. 25, 1915 - 17:26:18","-33.260832, 150.921072 -> -17.937303, 140.949617 -> -23.212864, 145.975969 -> -13.502521, 140.025799 -> -12.768966, 132.213581",38.02,1462,40209,46102,11664
T-1000374,4,184,270,"Jan. 26, 1953 - 07:22:35","Jan. 26, 1953 - 07:46:00","Jan. 26, 1953 - 07:55:00","23.681645, -115.194487 -> 29.722871, -95.717924",1.71,3165,75773,96458,22486
T-1000375,0,65,83,"Sep. 10, 2018 - 11:19:58","Sep. 10, 2018 - 12:33:23","Sep. 10, 2018 - 13:18:23","1.765594, 101.675255",3.93,135,0,3354,971
T-1000376,1,90,68,"Aug. 7, 1919 - 08:26:48","Aug. 7, 1919 - 09:08:51","Aug. 7, 1919 - 10:42:51","67.892233, -51.399702 -> 74.102303, -52.184279 -> 67.385756, -30.633218",2.26,1,0,36,11
T-1000377,5,245,325,"May 23, 1974 - 00:53:30","May 23, 1974 - 01:32:19","May 23, 1974 - 01:51:19","61.292814, -113.019135",9.26,567,15731,24033,5169
T-1000378,0,70,48,"Dec. 10, 2013 - 12:00:46","Dec. 10, 2013 - 12:53:55","Dec. 10, 2013 - 14:41:55","33.139158, 111.053414 -> 29.061517, 99.374046",19.63,3129,0,83813,32254
T-1000379,0,69,92,"Oct. 23, 1953 - 22:10:55","Oct. 23, 1953 - 22:56:36","Oct. 23, 1953 - 22:59:36","65.473623, 137.97983",3.85,63,0,1633,519
T-1000380,5,254,336,"May 17, 1951 - 20:00:48","May 17, 1951 - 20:25:49","May 17, 1951 - 21:20:49","21.967601, 46.612778",7.86,73,2039,3334,608
T-1000381,2,113,197,"Feb. 4, 1934 - 03:12:20","Feb. 4, 1934 - 03:47:38","Feb. 4, 1934 - 04:22:38","28.297778, -106.971717",5.47,190,1091,5346,1819
T-1000382,4,183,251,"Feb. 12, 1957 - 06:11:48","Feb. 12, 1957 - 07:31:58","Feb. 12, 1957 - 08:22:58","-8.629506, 111.585908 -> -5.189347, 133.049442",13.61,999,22186,35457,6554
T-1000383,5,235,305,"Apr. 2, 1998 - 16:34:48","Apr. 2, 1998 - 17:54:15","Apr. 2, 1998 - 18:35:15","20.775292, -111.831967",9.68,2642,71386,113509,20814
T-1000384,2,127,166,"Nov. 28, 1941 - 06:17:27","Nov. 28, 1941 - 06:46:38","Nov. 28, 1941 - 07:22:38","21.074468, -3.726639 -> 30.649909, 10.622263",2.58,341,2932,11969,3059
T-1000385,1,100,124,"Oct. 15, 1939 - 22:16:34","Oct. 15, 1939 - 22:42:21","Oct. 15, 1939 - 23:14:21","30.274151, 39.442983 -> 25.415973, 46.243984",11.54,82,0,2252,653
T-1000386,0,75,75,"Apr. 21, 2017 - 17:16:08","Apr. 21, 2017 - 18:05:33","Apr. 21, 2017 - 18:30:33","0.314485, 15.419338",8.63,43,0,886,328
T-1000387,3,155,216,"Nov. 27, 1971 - 11:33:20","Nov. 27, 1971 - 12:04:37","Nov. 27, 1971 - 13:05:37","25.500296, 10.21466",7.24,93,771,2779,961
T-1000388,5,218,331,"Aug. 8, 1892 - 10:02:33","Aug. 8, 1892 - 10:46:39","Aug. 8, 1892 - 10:55:39","30.340003, 2.38041 -> 26.939575, 8.187595",18.3,3178,75533,103344,27789
T-1000389,1,92,121,"Oct. 16, 1929 - 15:52:45","Oct. 16, 1929 - 17:17:21","Oct. 16, 1929 - 18:15:21","28.136276, 104.352276",4.44,109,0,2796,861
T-1000390,5,300,262,"Feb. 27, 2003 - 21:42:16","Feb. 27, 2003 - 22:50:19","Feb. 27, 2003 - 23:55:19","21.787541, 38.68026",3.75,314,8265,8778,2206
T-1000391,5,226,326,"Aug. 3, 1901 - 14:43:36","Aug. 3, 1901 - 16:01:53","Aug. 3, 1901 - 16:52:53","-14.521496, -55.163501",3.05,960,24021,34653,6670
T-1000392,2,115,110,"Nov. 13, 1901 - 01:50:23","Nov. 13, 1901 - 02:08:34","Nov. 13, 1901 - 03:09:34","2.441969, 107.884609",4.62,144,915,3054,1227
T-1000393,1,100,70,"Jan. 10, 1933 - 12:07:26","Jan. 10, 1933 - 12:59:09","Jan. 10, 1933 - 13:27:09","65.818034, -134.302887 -> 64.893714, -105.69313",16.41,34,0,780,318
T-1000394,0,80,61,"Sep. 15, 1936 - 14:52:30","Sep. 15, 1936 - 15:09:31","Sep. 15, 1936 - 16:16:31","-36.915388, -56.209026",9.98,13,0,330,109
T-1000395,5,293,272,"Jul. 26, 1995 - 22:27:08","Jul. 26, 1995 - 22:36:41","Jul. 26, 1995 - 23:15:41","30.058531, -92.113692",0.98,5246,107772,196277,40557
T-1000396,2,135,117,"Feb. 24, 1934 - 21:33:21","Feb. 24, 1934 - 22:06:37","Feb. 24, 1934 - 22:21:37","51.235103, 49.744814",1.4,85,698,2094,626
T-1000397,1,103,120,"Jun. 26, 2003 - 08:01:22","Jun. 26, 2003 - 09:06:19","Jun. 26, 2003 - 09:32:19","57.977519, 126.221408",6.68,248,0,7065,2554
T-1000398,3,149,161,"May 12, 1925 - 04:09:59","May 12, 1925 - 04:44:58","May 12, 1925 - 05:15:58","63.288541, -136.310216",5.69,51,323,1725,324
T-1000399,2,117,181,"Mar. 14, 1865 - 08:44:15","Mar. 14, 1865 - 09:43:06","Mar. 14, 1865 - 09:52:06","29.475864, 76.526614",4.02,821,4150,20719,6462
T-1000400,4,185,296,"Jun. 29, 1942 - 12:45:44","Jun. 29, 1942 - 13:21:54","Jun. 29, 1942 - 14:35:54","23.26335, 106.03947",0.99,3117,66731,87559,24654
T-1000401,5,269,331,"Apr. 18, 1925 - 11:53:34","Apr. 18, 1925 - 12:59:04","Apr. 18, 1925 - 13:22:04","61.540867, -98.057631",3.32,2820,57292,76522,17577
T-1000402,4,180,290,"Jul. 24, 1885 - 20:35:44","Jul. 24, 1885 - 20:53:21","Jul. 24, 1885 - 21:44:21","12.645708, 85.296426",6.27,5100,107980,138234,38712
T-1000403,0,68,57,"Jun. 19, 1990 - 19:04:18","Jun. 19, 1990 - 20:13:37","Jun. 19, 1990 - 20:28:37","28.042947, -105.381319 -> 27.988887, -97.755325",8.21,343,0,7297,2820
T-1000404,2,118,160,"Jun. 23, 2007 - 18:28:05","Jun. 23, 2007 - 19:13:47","Jun. 23, 2007 - 19:24:47","23.988463, 80.255201",8.32,7238,62005,273436,65201
T-1000405,2,131,184,"Aug. 14, 1896 - 00:17:47","Aug. 14, 1896 - 00:49:35","Aug. 14, 1896 - 02:04:35","-7.263178, 120.661836",4.69,466,2247,9830,3026
T-1000406,3,138,154,"Feb. 15, 1988 - 03:02:06","Feb. 15, 1988 - 03:21:05","Feb. 15, 1988 - 03:33:05","33.5856, -94.166158",1.57,193,1010,6439,1500
T-1000407,1,108,90,"Jul. 30, 1923 - 05:13:11","Jul. 30, 1923 - 06:20:19","Jul. 30, 1923 - 07:45:19","58.309584, -60.046222 -> 62.467704, -97.188396",8.61,100,0,2808,1054
T-1000408,3,153,206,"Feb. 3, 2000 - 07:13:48","Feb. 3, 2000 - 08:23:28","Feb. 3, 2000 - 10:10:28","68.453814, 107.44387",6.73,388,2460,8287,2815
T-1000409,1,93,136,"Apr. 5, 1941 - 03:58:57","Apr. 5, 1941 - 04:12:37","Apr. 5, 1941 - 05:59:37","16.880373, 78.954383 -> 24.074926, 71.270396",5.7,295,0,8099,2681
T-1000410,4,194,237,"Feb. 24, 1900 - 22:26:31","Feb. 24, 1900 - 22:42:59","Feb. 24, 1900 - 22:53:59","70.554872, 147.172949",4.86,1455,37213,67918,12184
T-1000411,3,158,173,"Jan. 2, 1951 - 00:56:44","Jan. 2, 1951 - 01:04:50","Jan. 2, 1951 - 02:43:50","-7.349021, 16.843056",1.96,2975,18148,106428,28481
T-1000412,4,200,259,"Jun. 28, 2019 - 19:15:49","Jun. 28, 2019 - 19:21:51","Jun. 28, 2019 - 20:17:51","22.057861, -87.969085 -> 16.542685, -91.728564 -> 29.993289, -103.708802",14.18,3985,99364,138218,34252
T-1000413,0,85,29,"May 11, 1944 - 20:54:31","May 11, 1944 - 21:10:34","May 11, 1944 - 21:31:34","-30.085642, 120.231702",4.99,32,0,855,229
T-1000414,1,98,135,"Oct. 4, 1911 - 03:15:37","Oct. 4, 1911 - 04:01:45","Oct. 4, 1911 - 04:47:45","-3.208389, 134.655357",4.14,114,0,2866,991
T-1000415,0,73,39,"Aug. 19, 1992 - 06:40:29","Aug. 19, 1992 - 07:26:53","Aug. 19, 1992 - 07:28:53","49.725395, -99.373227 -> 49.676587, -61.13968",12.54,161,0,3180,1147
T-1000416,3,160,206,"Jun. 22, 1876 - 21:45:29","Jun. 22, 1876 - 23:05:06","Jun. 23, 1876 - 00:26:06","-48.526483, -57.141991",6.58,161,1049,7312,1307
T-1000417,1,95,54,"May 18, 1971 - 18:26:51","May 18, 1971 - 19:32:41","May 18, 1971 - 20:26:41","29.066145, 38.128377",0.9,64,0,1162,415
T-1000418,0,70,80,"Mar. 16, 1914 - 07:24:00","Mar. 16, 1914 - 07:34:35","Mar. 16, 1914 - 08:16:35","65.149084, -137.801898",4.73,9,0,198,79
T-1000419,4,179,226,"May 19, 1951 - 05:57:57","May 19, 1951 - 06:33:54","May 19, 1951 - 06:48:54","65.960986, 113.743003 -> 76.93789, 88.841634",12.79,1575,41026,54608,12525
T-1000420,4,184,251,"Jan. 1, 2016 - 17:47:51","Jan. 1, 2016 - 19:09:42","Jan. 1, 2016 - 20:35:42","-30.690131, -56.169237 -> -25.353307, -63.439838 -> -38.903421, -62.661556 -> -45.857239, -66.135831",26.82,628,12926,18975,4490
T-1000421,5,216,266,"Oct. 1, 1932 - 04:35:26","Oct. 1, 1932 - 05:06:10","Oct. 1, 1932 - 05:28:10","-10.827405, 25.44628",3.22,1288,40538,43725,12023
T-1000422,4,186,282,"May 28, 2000 - 03:35:44","May 28, 2000 - 03:42:40","May 28, 2000 - 04:38:40","3.369792, -39.736386",1.51,5932,168567,187633,45382
T-1000423,1,108,134,"Jan. 18, 1882 - 00:39:20","Jan. 18, 1882 - 01:56:40","Jan. 18, 1882 - 02:12:40","27.989356, 44.954616 -> 19.723555, 50.953732",17.25,30,0,751,239
T-1000424,2,111,192,"May 3, 2017 - 19:27:06","May 3, 2017 - 20:33:18","May 3, 2017 - 20:36:18","24.07137, 41.637359",0.73,87,463,2648,597
T-1000425,1,100,82,"May 3, 1979 - 23:18:06","May 3, 1979 - 23:58:11","May 4, 1979 - 00:28:11","41.518316, 52.105028 -> 44.936967, 66.281765",3.13,16,0,575,150
T-1000426,4,170,225,"Apr. 18, 2007 - 19:30:52","Apr. 18, 2007 - 19:56:40","Apr. 18, 2007 - 20:54:40","31.140358, 8.813822 -> 19.996492, 11.268258",15.07,936,20029,33617,7495
T-1000427,0,78,8,"Aug. 13, 1869 - 08:41:39","Aug. 13, 1869 - 09:19:52","Aug. 13, 1869 - 09:22:52","20.308398, 75.880786 -> 12.979609, 69.586786",11.02,1468,0,43985,13301
T-1000428,3,151,174,"Mar. 23, 1884 - 20:53:34","Mar. 23, 1884 - 21:40:43","Mar. 23, 1884 - 22:43:43","72.78355, -43.526447",6.19,1,10,27,10
T-1000429,4,179,287,"Jun. 12, 1899 - 12:23:41","Jun. 12, 1899 - 13:42:26","Jun. 12, 1899 - 13:54:26","-34.492397, 133.325245",3.99,209,4328,7421,1568
T-1000430,2,118,129,"Aug. 10, 1888 - 00:56:35","Aug. 10, 1888 - 01:47:13","Aug. 10, 1888 - 01:53:13","46.138502, -104.119758",0.63,184,1357,6437,1382
T-1000431,3,163,215,"Sep. 26, 1883 - 03:46:08","Sep. 26, 1883 - 04:05:45","Sep. 26, 1883 - 05:02:45","23.815712, 52.96967",0.95,29,218,799,245
T-1000432,2,114,198,"Sep. 16, 1869 - 16:24:28","Sep. 16, 1869 - 16:58:50","Sep. 16, 1869 - 17:48:50","-34.295518, 126.055012",4.81,44,270,1211,334
T-1000433,4,194,200,"Feb. 3, 1917 - 00:03:03","Feb. 3, 1917 - 01:19:02","Feb. 3, 1917 - 01:34:02","71.172885, -31.63752 -> 69.369008, -28.114915",18.32,20,536,618,154
T-1000434,1,92,113,"Dec. 7, 1901 - 01:46:06","Dec. 7, 1901 - 01:54:51","Dec. 7, 1901 - 01:56:51","51.463184, -75.917582",1.3,36,0,743,305
T-1000435,1,94,114,"Apr. 5, 1934 - 04:05:00","Apr. 5, 1934 - 05:07:20","Apr. 5, 1934 - 06:01:20","-6.434299, 101.278756",1.97,46,0,1472,425
T-1000436,2,131,104,"Aug. 5, 1893 - 19:40:24","Aug. 5, 1893 - 20:20:11","Aug. 5, 1893 - 21:40:11","72.235834, -50.239043",6.47,1,11,46,16
T-1000437,5,244,326,"Jul. 1, 1925 - 16:23:14","Jul. 1, 1925 - 17:00:20","Jul. 1, 1925 - 17:09:20","18.300187, 35.694486",4.86,56031,1448658,2355896,498987
T-1000438,2,126,200,"Jul. 1, 2006 - 06:28:29","Jul. 1, 2006 - 07:17:41","Jul. 1, 2006 - 07:22:41","55.500455, 47.934026",3.28,52,306,1942,444
T-1000439,0,73,81,"Oct. 14, 2005 - 19:19:07","Oct. 14, 2005 - 20:38:02","Oct. 14, 2005 - 21:08:02","24.159496, -97.793539 -> 28.631894, -90.195727",17.6,45,0,1367,398
T-1000440,3,162,159,"Oct. 20, 1905 - 09:39:48","Oct. 20, 1905 - 10:14:43","Oct. 20, 1905 - 11:25:43","-10.140413, -43.311241",6.28,283,2121,10874,2450
T-1000441,4,195,262,"Oct. 2, 2015 - 15:51:04","Oct. 2, 2015 - 16:21:11","Oct. 2, 2015 - 17:47:11","25.71845, -97.900003 -> 26.431914, -115.468893",16.99,11173,325540,333499,90149
T-1000442,0,76,17,"Dec. 30, 1953 - 01:58:33","Dec. 30, 1953 - 03:22:08","Dec. 30, 1953 - 03:54:08","29.548618, 78.187066 -> 10.713687, 76.936281",3.06,333,0,10072,3264
T-1000443,1,96,76,"Jan. 12, 1916 - 00:04:50","Jan. 12, 1916 - 01:26:06","Jan. 12, 1916 - 01:58:06","-32.032105, 146.973296 -> -14.835164, 145.172308",7.33,50,0,1647,414
T-1000444,1,110,133,"Aug. 5, 1886 - 22:57:40","Aug. 5, 1886 - 23:26:55","Aug. 5, 1886 - 23:39:55","59.352957, -72.869767 -> 54.623869, -136.995333",17.3,75,0,1726,646
T-1000445,3,159,174,"Jun. 14, 1894 - 05:05:23","Jun. 14, 1894 - 05:46:03","Jun. 14, 1894 - 07:22:03","18.761447, -106.429541 -> 28.095717, -111.96957",6.21,263,1793,7549,2114
T-1000446,5,266,346,"Jun. 4, 1871 - 09:08:22","Jun. 4, 1871 - 10:05:06","Jun. 4, 1871 - 11:30:06","17.328889, -115.30012 -> 29.355803, -104.108022",1.82,6772,155972,236470,63972
T-1000447,0,77,34,"Sep. 14, 1928 - 23:02:29","Sep. 14, 1928 - 23:34:35","Sep. 15, 1928 - 00:46:35","60.351817, -43.249729 -> 79.153484, -52.592064",17.34,0,0,9,3
T-1000448,5,280,340,"Apr. 19, 1875 - 13:14:07","Apr. 19, 1875 - 14:11:59","Apr. 19, 1875 - 15:28:59","71.295742, -55.875258 -> 62.959644, -25.474971",18.94,21,454,611,150
T-1000449,4,180,215,"May 24, 1966 - 12:56:02","May 24, 1966 - 13:21:19","May 24, 1966 - 14:19:19","35.489558, -1.549332",9.78,845,21237,34696,8040
T-1000450,2,115,164,"Aug. 18, 1944 - 03:40:10","Aug. 18, 1944 - 03:54:51","Aug. 18, 1944 - 04:06:51","46.639001, 84.016432 -> 48.743688, 73.446672",14.72,209,1018,4112,1662
T-1000451,3,138,158,"Oct. 20, 1904 - 02:41:39","Oct. 20, 1904 - 03:01:19","Oct. 20, 1904 - 03:58:19","-10.225735, 28.506041",3.27,604,4568,19515,4704
T-1000452,4,191,236,"Jul. 1, 1938 - 07:48:25","Jul. 1, 1938 - 08:23:20","Jul. 1, 1938 - 09:06:20","11.465746, 82.344187 -> 29.222579, 80.229525",6.06,9763,237547,346925,78726
T-1000453,2,134,173,"Nov. 14, 1949 - 01:24:24","Nov. 14, 1949 - 02:13:11","Nov. 14, 1949 - 02:29:11","14.398941, 84.363428",9.27,735,4558,33486,6549
T-1000454,0,72,81,"Oct. 20, 1964 - 02:38:15","Oct. 20, 1964 - 03:30:54","Oct. 20, 1964 - 04:30:54","25.924922, 101.151927 -> 27.802671, 88.891753",4.54,502,0,11283,4898
T-1000455,1,98,54,"Apr. 23, 2017 - 18:23:07","Apr. 23, 2017 - 19:51:29","Apr. 23, 2017 - 20:15:29","28.53749, 83.038299 -> 12.204863, 85.254521",6.64,1061,0,22446,9480
T-1000456,4,196,254,"Mar. 17, 1914 - 05:46:11","Mar. 17, 1914 - 07:14:27","Mar. 17, 1914 - 07:23:27","-24.072531, -60.315209 -> -50.832861, -66.129949",4.47,503,15744,20670,4320
T-1000457,3,145,215,"Sep. 7, 1870 - 03:24:17","Sep. 7, 1870 - 04:48:15","Sep. 7, 1870 - 05:02:15","24.354154, -92.945278 -> 23.624825, -111.159105",5.91,394,2547,16058,3662
T-1000458,5,296,283,"Aug. 24, 2000 - 09:49:46","Aug. 24, 2000 - 10:30:58","Aug. 24, 2000 - 11:33:58","-11.255966, -56.908747 -> -0.36289, -35.823863",19.78,22988,511321,707235,171662
T-1000459,2,125,138,"Jun. 5, 1891 - 12:33:31","Jun. 5, 1891 - 13:27:14","Jun. 5, 1891 - 13:51:14","67.220862, -106.981597",7.92,73,431,2192,490
T-1000460,4,180,297,"Sep. 27, 1932 - 03:38:44","Sep. 27, 1932 - 04:59:30","Sep. 27, 1932 - 05:53:30","20.01194, 86.46935 -> 10.328587, 76.522367",7.89,4076,111036,156019,39296
T-1000461,0,75,6,"Jun. 11, 1923 - 02:29:27","Jun. 11, 1923 - 03:41:22","Jun. 11, 1923 - 04:45:22","-33.609044, 148.699415",1.94,20,0,500,182
T-1000462,5,297,313,"Jun. 5, 1904 - 05:33:58","Jun. 5, 1904 - 06:54:34","Jun. 5, 1904 - 07:58:34","-9.480668, 27.270533",9.75,2315,54343,78976,15587
T-1000463,2,115,134,"Jun. 25, 1874 - 11:32:39","Jun. 25, 1874 - 12:34:32","Jun. 25, 1874 - 13:11:32","44.990252, -77.865673",9.62,299,1928,7776,1999
T-1000464,1,95,71,"Nov. 30, 1893 - 17:45:08","Nov. 30, 1893 - 18:57:39","Nov. 30, 1893 - 19:02:39","42.818645, 66.870541",9.44,5,0,150,53
T-1000465,4,183,248,"Aug. 16, 1909 - 09:31:05","Aug. 16, 1909 - 10:14:29","Aug. 16, 1909 - 11:24:29","-7.092033, 17.15513 -> -5.930167, 22.435752",15.87,11333,350004,462706,113071
T-1000466,3,137,167,"Aug. 27, 1981 - 17:11:49","Aug. 27, 1981 - 18:10:47","Aug. 27, 1981 - 18:59:47","52.981633, 68.038983 -> 50.487497, 71.040371",11.09,70,565,2488,660
T-1000467,2,113,110,"Dec. 13, 1887 - 04:16:02","Dec. 13, 1887 - 05:26:50","Dec. 13, 1887 - 06:37:50","36.95132, -101.814034 -> 32.96619, -98.379753",19.24,391,2853,16701,3266
T-1000468,3,153,176,"Jul. 10, 1988 - 16:29:20","Jul. 10, 1988 - 16:50:42","Jul. 10, 1988 - 17:09:42","-42.720368, -59.748121 -> -40.99896, -65.6627",5.25,2207,11437,60252,19865
T-1000469,0,71,69,"Feb. 1, 1984 - 01:23:41","Feb. 1, 1984 - 02:15:55","Feb. 1, 1984 - 03:28:55","71.603704, -27.444782",1.52,0,0,3,1
T-1000470,2,124,172,"Jul. 23, 1906 - 10:51:27","Jul. 23, 1906 - 11:57:38","Jul. 23, 1906 - 12:30:38","-5.450031, -42.898592",0.93,213,1455,6046,1705
T-1000471,1,87,59,"Aug. 7, 1872 - 01:53:52","Aug. 7, 1872 - 02:30:57","Aug. 7, 1872 - 02:33:57","-11.461076, 16.508769",1.69,30,0,743,293
T-1000472,4,188,235,"Feb. 14, 1930 - 05:00:02","Feb. 14, 1930 - 05:46:10","Feb. 14, 1930 - 06:44:10","59.01875, 159.842707 -> 56.205623, 100.782974",4.43,2217,53899,63671,15991
T-1000473,2,126,108,"Mar. 19, 1977 - 14:32:46","Mar. 19, 1977 - 16:01:23","Mar. 19, 1977 - 16:28:23","24.471231, 114.00141",9.08,1274,8714,50727,9607
T-1000474,0,69,13,"Jul. 2, 1981 - 19:01:44","Jul. 2, 1981 - 19:57:18","Jul. 2, 1981 - 20:12:18","27.614593, 37.609353",2.05,6,0,184,61
T-1000475,4,168,300,"Dec. 30, 1880 - 11:05:25","Dec. 30, 1880 - 11:29:56","Dec. 30, 1880 - 12:55:56","16.340095, 78.944148 -> 10.602985, 83.541823",1.0,5945,155080,251187,60177
T-1000476,5,255,344,"May 25, 1898 - 01:42:10","May 25, 1898 - 02:02:29","May 25, 1898 - 02:47:29","28.801009, 10.901532",0.91,331,7709,14279,2455
T-1000477,3,163,195,"Feb. 22, 1889 - 01:52:36","Feb. 22, 1889 - 03:18:28","Feb. 22, 1889 - 03:24:28","33.957566, 4.380143",2.38,436,3058,11430,3515
T-1000478,1,92,124,"Dec. 30, 1869 - 21:47:52","Dec. 30, 1869 - 22:29:10","Dec. 30, 1869 - 23:43:10","22.459042, 53.361672 -> 21.581907, 53.97158",14.48,163,0,3376,1275
T-1000479,4,167,240,"Sep. 24, 1884 - 15:17:30","Sep. 24, 1884 - 15:34:37","Sep. 24, 1884 - 16:19:37","43.651433, 67.677839",6.05,316,7277,9250,2066
T-1000480,4,175,248,"Dec. 12, 1918 - 20:33:43","Dec. 12, 1918 - 22:00:55","Dec. 12, 1918 - 22:06:55","-47.603585, -59.182602",9.41,365,7428,10101,2274
T-1000481,2,112,135,"Jun. 23, 1953 - 13:48:43","Jun. 23, 1953 - 14:50:38","Jun. 23, 1953 - 14:56:38","61.225374, -134.892695 -> 56.153865, -91.1559",6.28,112,608,2520,880
T-1000482,0,73,37,"May 22, 1960 - 05:45:21","May 22, 1960 - 06:27:05","May 22, 1960 - 06:31:05","22.56402, 71.913915",5.31,193,0,5764,1681
T-1000483,4,194,211,"Jan. 26, 1962 - 10:45:22","Jan. 26, 1962 - 10:57:30","Jan. 26, 1962 - 11:16:30","65.075291, -26.797682 -> 70.871232, -51.701694",17.36,36,1084,1753,308
T-1000484,1,97,142,"Jun. 16, 1876 - 19:53:52","Jun. 16, 1876 - 21:00:14","Jun. 16, 1876 - 21:24:14","77.10135, -52.035707",9.26,0,0,3,1
T-1000485,5,236,250,"Sep. 2, 1897 - 14:45:33","Sep. 2, 1897 - 16:07:23","Sep. 2, 1897 - 17:05:23","17.033642, 78.371706 -> 27.139831, 82.168989",16.15,15530,367340,608157,118883
T-1000486,2,118,143,"Dec. 31, 2012 - 01:54:56","Dec. 31, 2012 - 02:05:04","Dec. 31, 2012 - 02:42:04","62.726666, -45.794375",4.08,0,6,28,5
T-1000487,3,138,231,"Mar. 18, 1878 - 22:25:55","Mar. 18, 1878 - 22:33:40","Mar. 18, 1878 - 23:02:40","-19.862429, -66.275695",5.86,229,1677,5093,1949
T-1000488,3,161,161,"Mar. 28, 1985 - 01:37:46","Mar. 28, 1985 - 01:56:14","Mar. 28, 1985 - 02:09:14","-16.693455, -62.130139 -> -12.680058, -46.602333",16.89,453,3856,18506,4510
T-1000489,3,153,240,"Sep. 7, 1895 - 01:33:40","Sep. 7, 1895 - 02:22:34","Sep. 7, 1895 - 02:46:34","53.442703, -98.073739 -> 62.644996, -122.024545",4.69,129,844,3456,816
T-1000490,4,180,251,"Aug. 2, 2013 - 08:33:51","Aug. 2, 2013 - 09:57:25","Aug. 2, 2013 - 10:31:25","-14.895451, -52.183436 -> 0.628326, -52.662558",3.97,3343,86802,126169,28900
T-1000491,4,175,221,"Feb. 2, 1999 - 05:28:45","Feb. 2, 1999 - 05:43:24","Feb. 2, 1999 - 06:27:24","22.079142, -3.312349 -> 23.703711, -4.273738 -> 24.973452, -1.995501",3.43,8848,240910,407096,86526
T-1000492,4,199,218,"Nov. 20, 2005 - 14:20:33","Nov. 20, 2005 - 14:27:15","Nov. 20, 2005 - 14:47:15","26.82779, 4.417887",2.28,288,7622,11002,2121
T-1000493,5,293,292,"Feb. 27, 1907 - 17:28:43","Feb. 27, 1907 - 18:17:07","Feb. 27, 1907 - 19:16:07","23.241634, 86.068388",7.5,1659,49344,57567,16794
T-1000494,0,75,10,"Oct. 19, 1965 - 19:28:29","Oct. 19, 1965 - 20:05:14","Oct. 19, 1965 - 20:58:14","-9.348267, 110.474626 -> -2.734651, 135.862711",10.2,123,0,3206,1288
T-1000495,4,172,202,"Jul. 30, 1948 - 19:39:28","Jul. 30, 1948 - 19:55:05","Jul. 30, 1948 - 20:27:05","75.708191, -52.070813 -> 61.054839, -40.786176",3.22,26,672,759,166
T-1000496,3,142,243,"Apr. 2, 1888 - 07:03:51","Apr. 2, 1888 - 08:20:34","Apr. 2, 1888 - 08:58:34","62.03392, -51.337344 -> 73.731508, -50.283614",18.55,1,6,33,9
T-1000497,3,144,197,"Oct. 18, 1995 - 12:52:57","Oct. 18, 1995 - 13:54:13","Oct. 18, 1995 - 13:56:13","36.658485, 119.906676",0.47,446,2875,10501,3688
T-1000498,3,148,203,"Mar. 18, 1928 - 02:37:30","Mar. 18, 1928 - 03:34:26","Mar. 18, 1928 - 05:09:26","20.048192, 48.129822 -> 30.868597, 50.573627 -> 20.992422, 53.195885",28.04,1443,10289,50664,14397
T-1000499,3,163,220,"Jun. 19, 1879 - 21:12:46","Jun. 19, 1879 - 22:35:07","Jun. 19, 1879 - 23:20:07","6.911423, 98.667994",8.93,316,1990,6343,2661
